"pais","CODIGO_PAIS","REGIAO","nivel_educacional","anos_programando","cargo_atual","anos_usando_ml","SALARIO_ANUAL_USD","linguagens_usadas","bancos_de_dados_usados","ferramentas_bi_usadas"
Pakistan,PAK,Asia,Professional doctorate,"5-10 years",Data Scientist,Other,,,,
Nigeria,NGA,Africa,Master’s degree,< 1 years,"Data Analyst (Business, Marketing, Financial, Quantitative, etc)",Non-profit/Service,0.0,Python;R;SQL,,
Germany,DEU,Europe,Bachelor’s degree,"3-5 years","Data Analyst (Business, Marketing, Financial, Quantitative, etc)",Computers/Technology,0.0,Python;SQL,,
Tunisia,TUN,Africa,Master’s degree,< 1 years,Data Scientist,Academics/Education,0.0,Python,,
Egypt,EGY,Africa,Doctoral degree,"10-20 years",Data Administrator,Computers/Technology,10000.0,Python;SQL,PostgreSQL;SQLite;Oracle Database;Snowflake,Qlik Sense
United States of America,,,Bachelor’s degree,I have never written code,"Data Analyst (Business, Marketing, Financial, Quantitative, etc)",Other,0.0,,,
Other,,,Master’s degree,"3-5 years",Data Scientist,Online Service/Internet-based Services,,Python;SQL;Bash,,
Egypt,EGY,Africa,Bachelor’s degree,< 1 years,Data Scientist,Computers/Technology,0.0,Python;SQL;C#,,
Turkey,TUR,Asia,Master’s degree,"5-10 years",Data Engineer,Accounting/Finance,15000.0,Python;SQL;Bash,MySQL;PostgreSQL;SQLite;Oracle Database;MongoDB;Snowflake,Microsoft Power BI
India,IND,Asia,Master’s degree,< 1 years,"Data Analyst (Business, Marketing, Financial, Quantitative, etc)",Accounting/Finance,2000.0,Python,,
Brazil,BRA,Americas,Doctoral degree,"10-20 years",Data Scientist,Medical/Pharmaceutical,40000.0,Python,MongoDB,
United States of America,,,Bachelor’s degree,"3-5 years","Data Analyst (Business, Marketing, Financial, Quantitative, etc)",Computers/Technology,80000.0,Python;SQL,,
India,IND,Asia,Master’s degree,"1-3 years",Data Scientist,Computers/Technology,25000.0,Python,,
Poland,POL,Europe,No formal education past high school,"1-3 years",Data Scientist,Online Service/Internet-based Services,3000.0,Python;SQL,,
Nigeria,NGA,Africa,Bachelor’s degree,< 1 years,"Data Analyst (Business, Marketing, Financial, Quantitative, etc)",Academics/Education,0.0,Python,MongoDB;Snowflake,
United States of America,,,Bachelor’s degree,I have never written code,"Data Analyst (Business, Marketing, Financial, Quantitative, etc)",Computers/Technology,80000.0,,,
India,IND,Asia,Professional doctorate,"3-5 years",Data Scientist,Computers/Technology,7500.0,Python;SQL;MATLAB,MySQL;PostgreSQL;Snowflake,
Nigeria,NGA,Africa,Master’s degree,< 1 years,Data Scientist,Accounting/Finance,1000.0,Python;R;SQL,,
Nigeria,NGA,Africa,Bachelor’s degree,I have never written code,"Data Analyst (Business, Marketing, Financial, Quantitative, etc)",Accounting/Finance,1000.0,,,
India,IND,Asia,Bachelor’s degree,"1-3 years","Data Analyst (Business, Marketing, Financial, Quantitative, etc)",Accounting/Finance,15000.0,Python;Java,Microsoft SQL Server,
India,IND,Asia,Bachelor’s degree,"5-10 years","Data Analyst (Business, Marketing, Financial, Quantitative, etc)",Broadcasting/Communications,10000.0,SQL;C#,,
Canada,CAN,Americas,Bachelor’s degree,"5-10 years",Data Scientist,Computers/Technology,80000.0,Python,SQLite,
India,IND,Asia,Master’s degree,I have never written code,"Data Analyst (Business, Marketing, Financial, Quantitative, etc)",Medical/Pharmaceutical,0.0,,,
United States of America,,,Master’s degree,"5-10 years",Data Scientist,Computers/Technology,200000.0,Python;SQL;Java,,
Other,,,Master’s degree,"1-3 years","Data Analyst (Business, Marketing, Financial, Quantitative, etc)",Government/Public Service,10000.0,Python;SQL,,
India,IND,Asia,Master’s degree,"5-10 years",Data Scientist,Computers/Technology,10000.0,Python,,
United States of America,,,Master’s degree,< 1 years,"Data Analyst (Business, Marketing, Financial, Quantitative, etc)",Academics/Education,70000.0,,,
Philippines,PHL,Asia,Master’s degree,"1-3 years",Data Engineer,Computers/Technology,20000.0,Python;SQL;Bash,MySQL;PostgreSQL;SQLite,
India,IND,Asia,I prefer not to answer,< 1 years,Data Scientist,Broadcasting/Communications,,Python,,
United States of America,,,Master’s degree,< 1 years,"Data Analyst (Business, Marketing, Financial, Quantitative, etc)",Computers/Technology,50000.0,Python;SQL,,
United States of America,,,Bachelor’s degree,"1-3 years","Data Analyst (Business, Marketing, Financial, Quantitative, etc)",Non-profit/Service,60000.0,Python;SQL,,
India,IND,Asia,Bachelor’s degree,"1-3 years","Data Analyst (Business, Marketing, Financial, Quantitative, etc)",Manufacturing/Fabrication,40000.0,SQL,,
United States of America,,,Master’s degree,"3-5 years","Data Analyst (Business, Marketing, Financial, Quantitative, etc)",Non-profit/Service,90000.0,Python;Javascript,SQLite;Oracle Database,
Nigeria,NGA,Africa,Bachelor’s degree,< 1 years,"Data Analyst (Business, Marketing, Financial, Quantitative, etc)",Government/Public Service,,Python;SQL,,
Argentina,ARG,Americas,Some college/university study without earning a bachelor’s degree,< 1 years,Data Scientist,Medical/Pharmaceutical,7500.0,Python;SQL,,
United States of America,,,Master’s degree,"5-10 years","Data Analyst (Business, Marketing, Financial, Quantitative, etc)",Computers/Technology,,Python;R;SQL,SQLite,
India,IND,Asia,Master’s degree,< 1 years,Data Scientist,Academics/Education,,Python;SQL;C++;MATLAB,,
India,IND,Asia,Master’s degree,"1-3 years","Data Analyst (Business, Marketing, Financial, Quantitative, etc)",Manufacturing/Fabrication,,Python;R,,
United Kingdom of Great Britain and Northern Ireland,,,Bachelor’s degree,"5-10 years",Data Scientist,Retail/Sales,40000.0,Python;SQL,,
Kenya,KEN,Africa,Bachelor’s degree,"1-3 years",Data Scientist,Online Service/Internet-based Services,1000.0,Python;SQL,,
Hong Kong (S.A.R.),,,I prefer not to answer,"1-3 years","Data Analyst (Business, Marketing, Financial, Quantitative, etc)",Shipping/Transportation,,Python;R;SQL;Java,,
United States of America,,,Doctoral degree,"20+ years",Data Scientist,Computers/Technology,150000.0,Python;R;SQL,MongoDB,
Nigeria,NGA,Africa,Master’s degree,I have never written code,"Data Analyst (Business, Marketing, Financial, Quantitative, etc)",Accounting/Finance,3000.0,,,
United States of America,,,Master’s degree,"10-20 years",Data Scientist,Computers/Technology,150000.0,Python;R;SQL,,
Kenya,KEN,Africa,Bachelor’s degree,I have never written code,"Data Analyst (Business, Marketing, Financial, Quantitative, etc)",Online Service/Internet-based Services,25000.0,,,
Canada,CAN,Americas,Master’s degree,"5-10 years",Data Scientist,Accounting/Finance,70000.0,Python;R,,
Colombia,COL,Americas,Master’s degree,"1-3 years","Data Analyst (Business, Marketing, Financial, Quantitative, etc)",Retail/Sales,1000.0,Python;R,,
Singapore,SGP,Asia,Bachelor’s degree,"1-3 years","Data Analyst (Business, Marketing, Financial, Quantitative, etc)",Accounting/Finance,,Python;Java,,
India,IND,Asia,Master’s degree,"5-10 years",Data Scientist,Computers/Technology,,Python;SQL,,
United States of America,,,Master’s degree,"1-3 years","Data Analyst (Business, Marketing, Financial, Quantitative, etc)",Computers/Technology,90000.0,,,
United States of America,,,Bachelor’s degree,I have never written code,Data Administrator,Retail/Sales,60000.0,,,
United States of America,,,Doctoral degree,"1-3 years","Data Analyst (Business, Marketing, Financial, Quantitative, etc)",Manufacturing/Fabrication,125000.0,,,
United States of America,,,Master’s degree,"5-10 years","Data Analyst (Business, Marketing, Financial, Quantitative, etc)",Computers/Technology,20000.0,Python;SQL,,
Israel,ISR,Asia,Bachelor’s degree,< 1 years,Data Scientist,Computers/Technology,0.0,Python,,
India,IND,Asia,I prefer not to answer,< 1 years,"Data Analyst (Business, Marketing, Financial, Quantitative, etc)",,,SQL,,
Other,,,Master’s degree,"5-10 years",Data Scientist,Broadcasting/Communications,30000.0,Python;SQL;C++;Bash,SQLite;MongoDB,Tableau
Romania,ROU,Europe,Doctoral degree,"3-5 years",Data Scientist,Manufacturing/Fabrication,50000.0,Python;SQL,SQLite,
India,IND,Asia,Master’s degree,"1-3 years",Data Scientist,Other,0.0,Python,,
Ukraine,UKR,Europe,I prefer not to answer,I have never written code,"Data Analyst (Business, Marketing, Financial, Quantitative, etc)",Shipping/Transportation,,,,
Kenya,KEN,Africa,Bachelor’s degree,"1-3 years","Data Analyst (Business, Marketing, Financial, Quantitative, etc)",Non-profit/Service,10000.0,Python;R;SQL,SQLite;MongoDB,
United Arab Emirates,ARE,Asia,Master’s degree,"10-20 years","Data Analyst (Business, Marketing, Financial, Quantitative, etc)",Accounting/Finance,60000.0,SQL,,
India,IND,Asia,Bachelor’s degree,I have never written code,"Data Analyst (Business, Marketing, Financial, Quantitative, etc)",Retail/Sales,0.0,,,
Netherlands,NLD,Europe,Master’s degree,"1-3 years",Data Scientist,Other,40000.0,Python;SQL,,
United States of America,,,Master’s degree,I have never written code,"Data Analyst (Business, Marketing, Financial, Quantitative, etc)",,,,,
United States of America,,,Master’s degree,"5-10 years",Data Scientist,Medical/Pharmaceutical,125000.0,Python;SQL,SQLite,
Indonesia,IDN,Asia,No formal education past high school,I have never written code,"Data Analyst (Business, Marketing, Financial, Quantitative, etc)",Retail/Sales,0.0,,,
India,IND,Asia,Bachelor’s degree,"1-3 years","Data Analyst (Business, Marketing, Financial, Quantitative, etc)",Computers/Technology,1000.0,Python,,
Other,,,Doctoral degree,"5-10 years",Data Scientist,Other,2000.0,Python;SQL;Java,,
Spain,ESP,Europe,Master’s degree,"1-3 years","Data Analyst (Business, Marketing, Financial, Quantitative, etc)",Accounting/Finance,20000.0,Python;SQL;Bash,,
India,IND,Asia,Bachelor’s degree,"5-10 years","Data Analyst (Business, Marketing, Financial, Quantitative, etc)",Online Service/Internet-based Services,1000.0,Python;SQL;C++;Java,,
India,IND,Asia,Master’s degree,I have never written code,Data Scientist,Computers/Technology,5000.0,,,
India,IND,Asia,Master’s degree,"1-3 years","Data Analyst (Business, Marketing, Financial, Quantitative, etc)",Computers/Technology,15000.0,Python;SQL,,Qlik Sense
France,FRA,Europe,Doctoral degree,"1-3 years",Data Scientist,Energy/Mining,50000.0,Python;SQL;Bash,,
United States of America,,,Master’s degree,"10-20 years",Data Scientist,Insurance/Risk Assessment,100000.0,Python;R;SQL,,
India,IND,Asia,Master’s degree,< 1 years,Data Scientist,Computers/Technology,0.0,SQL;C;C++,,
United Kingdom of Great Britain and Northern Ireland,,,Doctoral degree,"5-10 years",Data Scientist,Marketing/CRM,40000.0,Python;R;SQL,,
Turkey,TUR,Asia,Doctoral degree,I have never written code,"Data Analyst (Business, Marketing, Financial, Quantitative, etc)",Academics/Education,3000.0,,,
Singapore,SGP,Asia,Master’s degree,"5-10 years","Data Analyst (Business, Marketing, Financial, Quantitative, etc)",Computers/Technology,15000.0,SQL,,
United States of America,,,Bachelor’s degree,< 1 years,"Data Analyst (Business, Marketing, Financial, Quantitative, etc)",Accounting/Finance,90000.0,,,
Nigeria,NGA,Africa,Master’s degree,"1-3 years",Data Scientist,Online Service/Internet-based Services,3000.0,Python;SQL,PostgreSQL;SQLite;Snowflake,Qlik Sense
United States of America,,,Doctoral degree,"3-5 years",Data Scientist,Academics/Education,10000.0,Python;R;Bash;MATLAB,,
United States of America,,,Master’s degree,"10-20 years",Data Scientist,Marketing/CRM,80000.0,Python;R;SQL,,
Czech Republic,,,Master’s degree,"3-5 years","Data Analyst (Business, Marketing, Financial, Quantitative, etc)",Accounting/Finance,5000.0,Python;SQL,,
Other,,,Bachelor’s degree,"5-10 years",Data Engineer,Computers/Technology,,Python;SQL;Bash,,
United Kingdom of Great Britain and Northern Ireland,,,Master’s degree,"20+ years",Data Scientist,Computers/Technology,100000.0,Python,,
Nigeria,NGA,Africa,Doctoral degree,< 1 years,Data Scientist,Academics/Education,,Python,,
Indonesia,IDN,Asia,Master’s degree,"1-3 years","Data Analyst (Business, Marketing, Financial, Quantitative, etc)",Manufacturing/Fabrication,0.0,Python;R;SQL,,
Kenya,KEN,Africa,Bachelor’s degree,"1-3 years",Data Scientist,Computers/Technology,0.0,Python;Javascript,MySQL,
Argentina,ARG,Americas,Master’s degree,"10-20 years",Data Scientist,Accounting/Finance,40000.0,Python,,
United States of America,,,Doctoral degree,< 1 years,"Data Analyst (Business, Marketing, Financial, Quantitative, etc)",Other,70000.0,,,
United States of America,,,Master’s degree,"3-5 years","Data Analyst (Business, Marketing, Financial, Quantitative, etc)",Manufacturing/Fabrication,,Python;R;SQL;C#,,
India,IND,Asia,Bachelor’s degree,"1-3 years",Data Scientist,Marketing/CRM,,Python;SQL,,
Australia,AUS,Oceania,Master’s degree,"3-5 years",Data Scientist,Insurance/Risk Assessment,50000.0,Python;SQL,SQLite;Snowflake,
United States of America,,,Bachelor’s degree,"20+ years",Data Scientist,Insurance/Risk Assessment,150000.0,Python;SQL,,
Turkey,TUR,Asia,Bachelor’s degree,"1-3 years",Data Scientist,Computers/Technology,,Python;R;SQL;Javascript,,
Other,,,I prefer not to answer,< 1 years,"Data Analyst (Business, Marketing, Financial, Quantitative, etc)",Online Service/Internet-based Services,1000.0,Python,,
India,IND,Asia,Bachelor’s degree,"1-3 years",Data Scientist,Retail/Sales,10000.0,Python;SQL,,
United States of America,,,Master’s degree,"3-5 years","Data Analyst (Business, Marketing, Financial, Quantitative, etc)",Energy/Mining,90000.0,Python;R;SQL;C#;Bash,MySQL,
India,IND,Asia,I prefer not to answer,< 1 years,"Data Analyst (Business, Marketing, Financial, Quantitative, etc)",Computers/Technology,0.0,Python,,
India,IND,Asia,Bachelor’s degree,< 1 years,Data Scientist,Academics/Education,0.0,Python,,
India,IND,Asia,I prefer not to answer,I have never written code,"Data Analyst (Business, Marketing, Financial, Quantitative, etc)",Insurance/Risk Assessment,,,,
India,IND,Asia,Master’s degree,"3-5 years","Data Analyst (Business, Marketing, Financial, Quantitative, etc)",Marketing/CRM,,Python,,
India,IND,Asia,Bachelor’s degree,I have never written code,"Data Analyst (Business, Marketing, Financial, Quantitative, etc)",Accounting/Finance,1000.0,,,
Russia,RUS,Europe,Some college/university study without earning a bachelor’s degree,< 1 years,Data Scientist,Computers/Technology,,SQL,,
United States of America,,,Master’s degree,"5-10 years","Data Analyst (Business, Marketing, Financial, Quantitative, etc)",Marketing/CRM,125000.0,Python;R;SQL,,
Indonesia,IDN,Asia,Bachelor’s degree,"3-5 years","Data Analyst (Business, Marketing, Financial, Quantitative, etc)",Shipping/Transportation,15000.0,Python;SQL,,
United States of America,,,Master’s degree,"5-10 years",Data Scientist,Computers/Technology,250000.0,Python;SQL,,
Italy,ITA,Europe,Doctoral degree,"5-10 years",Data Scientist,Computers/Technology,40000.0,Python;SQL;Bash,MySQL;SQLite,
India,IND,Asia,Master’s degree,< 1 years,"Data Analyst (Business, Marketing, Financial, Quantitative, etc)",Other,0.0,Python;R;C;Java,,
Other,,,Some college/university study without earning a bachelor’s degree,I have never written code,Data Scientist,Broadcasting/Communications,250000.0,,,
India,IND,Asia,Master’s degree,"5-10 years",Data Scientist,Computers/Technology,0.0,Python;R,,
United States of America,,,Bachelor’s degree,< 1 years,"Data Analyst (Business, Marketing, Financial, Quantitative, etc)",Government/Public Service,70000.0,SQL,,
Japan,JPN,Asia,I prefer not to answer,"20+ years","Data Analyst (Business, Marketing, Financial, Quantitative, etc)",Computers/Technology,4000.0,,,
India,IND,Asia,Bachelor’s degree,"10-20 years",Data Scientist,Computers/Technology,40000.0,Python;R;Javascript,MongoDB,
Colombia,COL,Americas,Doctoral degree,"20+ years",Data Scientist,Computers/Technology,20000.0,R;Bash,MongoDB;Snowflake,
Brazil,BRA,Americas,Master’s degree,I have never written code,"Data Analyst (Business, Marketing, Financial, Quantitative, etc)",Marketing/CRM,0.0,,,
India,IND,Asia,Master’s degree,"1-3 years","Data Analyst (Business, Marketing, Financial, Quantitative, etc)",Computers/Technology,,Python;R;SQL,,
India,IND,Asia,Doctoral degree,"5-10 years",Data Engineer,Computers/Technology,15000.0,Python;SQL;C;Java;Bash,MySQL;PostgreSQL,
India,IND,Asia,I prefer not to answer,< 1 years,"Data Analyst (Business, Marketing, Financial, Quantitative, etc)",Academics/Education,4000.0,Python;SQL,SQLite;Oracle Database,
India,IND,Asia,Bachelor’s degree,I have never written code,Data Scientist,Government/Public Service,10000.0,,,
Ireland,IRL,Europe,Master’s degree,"1-3 years",Data Scientist,Shipping/Transportation,60000.0,Python;R,,
Other,,,I prefer not to answer,< 1 years,"Data Analyst (Business, Marketing, Financial, Quantitative, etc)",Manufacturing/Fabrication,15000.0,Python;SQL,MongoDB,
United States of America,,,Bachelor’s degree,"20+ years",Data Engineer,Academics/Education,90000.0,Python;R;SQL;Bash,,
France,FRA,Europe,Bachelor’s degree,"1-3 years",Data Scientist,Medical/Pharmaceutical,,Python;R;SQL;MATLAB,,Google Data Studio
India,IND,Asia,Master’s degree,"5-10 years",Data Scientist,Academics/Education,15000.0,Python;C++,MongoDB;Snowflake,
United Kingdom of Great Britain and Northern Ireland,,,Doctoral degree,"10-20 years",Data Scientist,Medical/Pharmaceutical,70000.0,R;Bash,MongoDB;Snowflake,
Tunisia,TUN,Africa,I prefer not to answer,"5-10 years",Data Scientist,Computers/Technology,10000.0,Python;R,,
"Iran, Islamic Republic of...",,,Master’s degree,"1-3 years",Data Scientist,Computers/Technology,,Python;SQL,,
China,CHN,Asia,Doctoral degree,"5-10 years",Data Scientist,Retail/Sales,15000.0,Python;Java,Snowflake,Microsoft Power BI
United States of America,,,Master’s degree,"1-3 years","Data Analyst (Business, Marketing, Financial, Quantitative, etc)",Academics/Education,30000.0,,,
United States of America,,,Doctoral degree,"10-20 years",Data Scientist,Manufacturing/Fabrication,100000.0,Python,,
United States of America,,,Bachelor’s degree,< 1 years,"Data Analyst (Business, Marketing, Financial, Quantitative, etc)",Government/Public Service,50000.0,,,
United Arab Emirates,ARE,Asia,Doctoral degree,"10-20 years",Data Scientist,Academics/Education,2000.0,Python;R;SQL;Java;MATLAB,PostgreSQL,Google Data Studio
United Kingdom of Great Britain and Northern Ireland,,,Some college/university study without earning a bachelor’s degree,"1-3 years",Data Administrator,Non-profit/Service,,,,
Other,,,Master’s degree,"1-3 years",Data Scientist,Medical/Pharmaceutical,10000.0,Python;R;SQL;Javascript,MySQL;Oracle Database;MongoDB;Snowflake,
Philippines,PHL,Asia,Bachelor’s degree,< 1 years,"Data Analyst (Business, Marketing, Financial, Quantitative, etc)",Government/Public Service,1000.0,SQL;C++;Java;Javascript,,
India,IND,Asia,Bachelor’s degree,I have never written code,"Data Analyst (Business, Marketing, Financial, Quantitative, etc)",Marketing/CRM,1000.0,,,
India,IND,Asia,Master’s degree,"1-3 years",Data Scientist,Insurance/Risk Assessment,15000.0,Python;SQL,MySQL;Snowflake,
Egypt,EGY,Africa,Bachelor’s degree,< 1 years,"Data Analyst (Business, Marketing, Financial, Quantitative, etc)",Other,1000.0,Python,,
India,IND,Asia,Bachelor’s degree,"1-3 years",Data Scientist,Online Service/Internet-based Services,7500.0,Python;SQL,SQLite,
United Kingdom of Great Britain and Northern Ireland,,,Master’s degree,"5-10 years","Data Analyst (Business, Marketing, Financial, Quantitative, etc)",Insurance/Risk Assessment,70000.0,Python;SQL,SQLite,
India,IND,Asia,Master’s degree,"5-10 years","Data Analyst (Business, Marketing, Financial, Quantitative, etc)",Accounting/Finance,,SQL,,
India,IND,Asia,I prefer not to answer,"1-3 years",Data Scientist,Academics/Education,20000.0,Python;SQL;C;C++,,
United States of America,,,Master’s degree,"1-3 years","Data Analyst (Business, Marketing, Financial, Quantitative, etc)",Accounting/Finance,90000.0,Python;R;Javascript,,
India,IND,Asia,Master’s degree,"1-3 years",Data Engineer,Computers/Technology,,Python;SQL;Javascript,,
Philippines,PHL,Asia,Bachelor’s degree,I have never written code,"Data Analyst (Business, Marketing, Financial, Quantitative, etc)",Computers/Technology,0.0,,,
Other,,,Master’s degree,"10-20 years",Data Engineer,Marketing/CRM,60000.0,Python;SQL;Bash,SQLite;MongoDB,
India,IND,Asia,Bachelor’s degree,< 1 years,"Data Analyst (Business, Marketing, Financial, Quantitative, etc)",Computers/Technology,10000.0,Python;SQL,,
United States of America,,,Master’s degree,"3-5 years",Data Scientist,Other,150000.0,Python;SQL,,
United States of America,,,Master’s degree,"10-20 years",Data Engineer,Accounting/Finance,150000.0,,,
Nigeria,NGA,Africa,Master’s degree,"5-10 years",Data Engineer,Computers/Technology,0.0,Python;R;SQL;Javascript;Bash;MATLAB,,
India,IND,Asia,Bachelor’s degree,"3-5 years",Data Engineer,Other,7500.0,Python;MATLAB,SQLite,
United States of America,,,Master’s degree,< 1 years,"Data Analyst (Business, Marketing, Financial, Quantitative, etc)",Other,80000.0,Python;R;SQL,,
India,IND,Asia,Bachelor’s degree,I have never written code,"Data Analyst (Business, Marketing, Financial, Quantitative, etc)",Manufacturing/Fabrication,7500.0,,,
United Kingdom of Great Britain and Northern Ireland,,,Doctoral degree,"5-10 years",Data Scientist,Manufacturing/Fabrication,100000.0,Python;SQL,PostgreSQL;SQLite,Google Data Studio;Qlik Sense
United States of America,,,Master’s degree,"1-3 years",Data Engineer,Insurance/Risk Assessment,60000.0,Python;R;SQL,PostgreSQL,
India,IND,Asia,Bachelor’s degree,< 1 years,Data Engineer,Accounting/Finance,,Python;SQL;Java,,
India,IND,Asia,Bachelor’s degree,"3-5 years",Data Engineer,Non-profit/Service,0.0,Python;SQL,,
Indonesia,IDN,Asia,Bachelor’s degree,< 1 years,"Data Analyst (Business, Marketing, Financial, Quantitative, etc)",Marketing/CRM,1000.0,Python;SQL,,
India,IND,Asia,Bachelor’s degree,< 1 years,"Data Analyst (Business, Marketing, Financial, Quantitative, etc)",Marketing/CRM,,Python;SQL;MATLAB,,
United States of America,,,Bachelor’s degree,"5-10 years","Data Analyst (Business, Marketing, Financial, Quantitative, etc)",Medical/Pharmaceutical,100000.0,Python;R;SQL;Javascript,PostgreSQL;SQLite;Oracle Database,Tableau;Qlik Sense
India,IND,Asia,Bachelor’s degree,"3-5 years",Data Scientist,Other,0.0,Python;R,,
Malaysia,MYS,Asia,Master’s degree,"3-5 years","Data Analyst (Business, Marketing, Financial, Quantitative, etc)",Government/Public Service,0.0,Python;SQL,,
India,IND,Asia,Master’s degree,"1-3 years",Data Scientist,Computers/Technology,0.0,Python;SQL;C;C++,,
Taiwan,TWN,Asia,Master’s degree,"1-3 years",Data Scientist,Accounting/Finance,4000.0,Python,,
United States of America,,,Some college/university study without earning a bachelor’s degree,"1-3 years","Data Analyst (Business, Marketing, Financial, Quantitative, etc)",Retail/Sales,40000.0,Python;SQL,SQLite,
Taiwan,TWN,Asia,I prefer not to answer,< 1 years,Data Engineer,Computers/Technology,,Python;SQL,,
United States of America,,,Master’s degree,< 1 years,"Data Analyst (Business, Marketing, Financial, Quantitative, etc)",Computers/Technology,0.0,R;SQL,,
Poland,POL,Europe,Master’s degree,< 1 years,"Data Analyst (Business, Marketing, Financial, Quantitative, etc)",Broadcasting/Communications,10000.0,Python;R;SQL;Javascript,MongoDB,
India,IND,Asia,Bachelor’s degree,< 1 years,"Data Analyst (Business, Marketing, Financial, Quantitative, etc)",Computers/Technology,5000.0,Python,,
India,IND,Asia,Bachelor’s degree,"3-5 years",Data Scientist,Medical/Pharmaceutical,25000.0,Python;SQL,SQLite,
Taiwan,TWN,Asia,Professional doctorate,"10-20 years",Data Scientist,Medical/Pharmaceutical,3000.0,Python;R;SQL;C#;Java;PHP,,Qlik Sense
Brazil,BRA,Americas,I prefer not to answer,I have never written code,Data Engineer,Energy/Mining,0.0,,,
United States of America,,,Bachelor’s degree,"3-5 years","Data Analyst (Business, Marketing, Financial, Quantitative, etc)",Computers/Technology,100000.0,SQL,MySQL;PostgreSQL,
United States of America,,,Master’s degree,"3-5 years","Data Analyst (Business, Marketing, Financial, Quantitative, etc)",Academics/Education,100000.0,Python;SQL,,
India,IND,Asia,Master’s degree,"1-3 years",Data Scientist,Computers/Technology,5000.0,Python;SQL,PostgreSQL,
Argentina,ARG,Americas,Master’s degree,"1-3 years",Data Scientist,Online Service/Internet-based Services,,Python;SQL;C#;Java,,
Russia,RUS,Europe,Bachelor’s degree,< 1 years,"Data Analyst (Business, Marketing, Financial, Quantitative, etc)",Computers/Technology,30000.0,Python;R;SQL;MATLAB;Julia,,
Other,,,Master’s degree,"1-3 years","Data Analyst (Business, Marketing, Financial, Quantitative, etc)",Accounting/Finance,7500.0,Python;SQL,,
Brazil,BRA,Americas,Some college/university study without earning a bachelor’s degree,"5-10 years","Data Analyst (Business, Marketing, Financial, Quantitative, etc)",Academics/Education,15000.0,Python;SQL;C#;PHP,,
Turkey,TUR,Asia,Master’s degree,"1-3 years","Data Analyst (Business, Marketing, Financial, Quantitative, etc)",Non-profit/Service,25000.0,Python,SQLite,Tableau
Nigeria,NGA,Africa,Bachelor’s degree,"1-3 years","Data Analyst (Business, Marketing, Financial, Quantitative, etc)",Accounting/Finance,0.0,Python;SQL;Javascript;MATLAB,MySQL;PostgreSQL,Google Data Studio;Qlik Sense
Italy,ITA,Europe,Master’s degree,< 1 years,Data Administrator,Academics/Education,40000.0,Python;R;Javascript;PHP,,
India,IND,Asia,Bachelor’s degree,"1-3 years","Data Analyst (Business, Marketing, Financial, Quantitative, etc)",Computers/Technology,5000.0,Python;SQL,,
India,IND,Asia,Master’s degree,"10-20 years",Data Scientist,Computers/Technology,90000.0,Python;R;SQL;C#,,
Nigeria,NGA,Africa,Master’s degree,< 1 years,"Data Analyst (Business, Marketing, Financial, Quantitative, etc)",Non-profit/Service,0.0,Python,,
United States of America,,,Master’s degree,"3-5 years",Data Scientist,Computers/Technology,100000.0,Python;R,SQLite,
United States of America,,,Bachelor’s degree,"1-3 years",Data Scientist,Government/Public Service,,Python;SQL,,
India,IND,Asia,Master’s degree,"3-5 years","Data Analyst (Business, Marketing, Financial, Quantitative, etc)",Computers/Technology,0.0,Python;SQL;C,,
Japan,JPN,Asia,Doctoral degree,"3-5 years",Data Scientist,Computers/Technology,1000.0,Python,SQLite;MongoDB,
Singapore,SGP,Asia,Master’s degree,"5-10 years",Data Scientist,Insurance/Risk Assessment,5000.0,Python;Javascript,SQLite,
Other,,,Master’s degree,"1-3 years","Data Analyst (Business, Marketing, Financial, Quantitative, etc)",Manufacturing/Fabrication,30000.0,Python,,
India,IND,Asia,Bachelor’s degree,"10-20 years",Data Engineer,Retail/Sales,15000.0,Python;SQL,,
India,IND,Asia,Master’s degree,"1-3 years",Data Engineer,Computers/Technology,0.0,Python,SQLite;MongoDB,Google Data Studio
India,IND,Asia,Bachelor’s degree,"1-3 years",Data Scientist,Medical/Pharmaceutical,7500.0,Python;R;SQL;Javascript,SQLite,
Pakistan,PAK,Asia,Master’s degree,I have never written code,"Data Analyst (Business, Marketing, Financial, Quantitative, etc)",Other,,,,
United States of America,,,Master’s degree,"3-5 years",Data Administrator,Manufacturing/Fabrication,100000.0,SQL,,
United States of America,,,Bachelor’s degree,"5-10 years","Data Analyst (Business, Marketing, Financial, Quantitative, etc)",Marketing/CRM,60000.0,Python;R;Java,,
India,IND,Asia,Master’s degree,< 1 years,"Data Analyst (Business, Marketing, Financial, Quantitative, etc)",Other,3000.0,,,
Nigeria,NGA,Africa,Bachelor’s degree,I have never written code,"Data Analyst (Business, Marketing, Financial, Quantitative, etc)",Government/Public Service,,,,
South Africa,ZAF,Africa,Bachelor’s degree,I have never written code,"Data Analyst (Business, Marketing, Financial, Quantitative, etc)",Computers/Technology,7500.0,,,
India,IND,Asia,Bachelor’s degree,I have never written code,"Data Analyst (Business, Marketing, Financial, Quantitative, etc)",Manufacturing/Fabrication,0.0,,,
Kenya,KEN,Africa,Bachelor’s degree,"1-3 years",Data Scientist,Computers/Technology,1000.0,Python,,
Nigeria,NGA,Africa,Bachelor’s degree,< 1 years,"Data Analyst (Business, Marketing, Financial, Quantitative, etc)",Energy/Mining,0.0,Python;R;SQL,,
United States of America,,,Master’s degree,"5-10 years",Data Scientist,Marketing/CRM,125000.0,Python;R;SQL,,
India,IND,Asia,Bachelor’s degree,< 1 years,"Data Analyst (Business, Marketing, Financial, Quantitative, etc)",Other,7500.0,Python,,
India,IND,Asia,Master’s degree,< 1 years,"Data Analyst (Business, Marketing, Financial, Quantitative, etc)",,,Python;SQL,,
Tunisia,TUN,Africa,Doctoral degree,"5-10 years",Data Scientist,Computers/Technology,0.0,Python;C;C#;C++;Java,,Qlik Sense
Taiwan,TWN,Asia,Doctoral degree,"5-10 years","Data Analyst (Business, Marketing, Financial, Quantitative, etc)",,,Python;R,,
United States of America,,,Master’s degree,"20+ years",Data Scientist,Computers/Technology,200000.0,Python;R;SQL,SQLite,Looker
Tunisia,TUN,Africa,Master’s degree,"10-20 years",Data Scientist,Other,150000.0,Python;SQL;Java;Bash,Oracle Database,Google Data Studio;Tableau
United States of America,,,Master’s degree,"1-3 years","Data Analyst (Business, Marketing, Financial, Quantitative, etc)",Other,70000.0,Python;SQL,,
India,IND,Asia,I prefer not to answer,< 1 years,Data Scientist,Manufacturing/Fabrication,2000.0,Python;SQL,Microsoft SQL Server,
United States of America,,,Bachelor’s degree,I have never written code,"Data Analyst (Business, Marketing, Financial, Quantitative, etc)",Medical/Pharmaceutical,80000.0,,,
India,IND,Asia,Bachelor’s degree,"3-5 years","Data Analyst (Business, Marketing, Financial, Quantitative, etc)",Computers/Technology,,Python;R;SQL;Java,,
Colombia,COL,Americas,Master’s degree,"5-10 years",Data Engineer,Computers/Technology,80000.0,Python;R;SQL;Java,,
Spain,ESP,Europe,Master’s degree,"5-10 years",Data Scientist,Non-profit/Service,40000.0,Python;SQL;C;C++;Bash,,
India,IND,Asia,Master’s degree,"1-3 years","Data Analyst (Business, Marketing, Financial, Quantitative, etc)",Computers/Technology,0.0,Python;C,,
India,IND,Asia,Bachelor’s degree,I have never written code,Data Engineer,Computers/Technology,200000.0,,,
Spain,ESP,Europe,Some college/university study without earning a bachelor’s degree,"5-10 years",Data Engineer,Computers/Technology,2000.0,SQL;C++;Java;Javascript;MATLAB,,
Brazil,BRA,Americas,I prefer not to answer,I have never written code,Data Scientist,Medical/Pharmaceutical,0.0,,,
India,IND,Asia,Master’s degree,I have never written code,"Data Analyst (Business, Marketing, Financial, Quantitative, etc)",Retail/Sales,30000.0,,,
Other,,,Master’s degree,< 1 years,"Data Analyst (Business, Marketing, Financial, Quantitative, etc)",Manufacturing/Fabrication,1000.0,Python;SQL;PHP,,
Turkey,TUR,Asia,Bachelor’s degree,"1-3 years","Data Analyst (Business, Marketing, Financial, Quantitative, etc)",Marketing/CRM,1000.0,SQL,,
India,IND,Asia,Master’s degree,"1-3 years","Data Analyst (Business, Marketing, Financial, Quantitative, etc)",Retail/Sales,20000.0,Python,,
Japan,JPN,Asia,Master’s degree,"10-20 years","Data Analyst (Business, Marketing, Financial, Quantitative, etc)",Computers/Technology,5000.0,Python;SQL;Bash,MongoDB,
United States of America,,,Professional doctorate,"5-10 years",Data Scientist,Government/Public Service,100000.0,Python;R;SQL,,
Peru,PER,Americas,Bachelor’s degree,"3-5 years",Data Scientist,Academics/Education,20000.0,Python,MongoDB,
Turkey,TUR,Asia,Bachelor’s degree,"1-3 years",Data Scientist,Non-profit/Service,0.0,Python;SQL;Javascript,,
India,IND,Asia,Master’s degree,"1-3 years","Data Analyst (Business, Marketing, Financial, Quantitative, etc)",Computers/Technology,0.0,Python;SQL,,
Other,,,I prefer not to answer,I have never written code,Data Scientist,Medical/Pharmaceutical,0.0,,,
United States of America,,,Doctoral degree,"5-10 years",Data Scientist,Medical/Pharmaceutical,150000.0,Python;R;SQL,MySQL;SQLite;MongoDB,
South Korea,KOR,Asia,Bachelor’s degree,"1-3 years",Data Engineer,,,Python;C,,
United States of America,,,Doctoral degree,< 1 years,"Data Analyst (Business, Marketing, Financial, Quantitative, etc)",,,,,
United States of America,,,Master’s degree,< 1 years,Data Scientist,Accounting/Finance,0.0,Python;SQL;MATLAB,,
India,IND,Asia,Bachelor’s degree,"5-10 years",Data Engineer,Computers/Technology,3000.0,Python;SQL,MongoDB;Snowflake,
India,IND,Asia,Master’s degree,< 1 years,"Data Analyst (Business, Marketing, Financial, Quantitative, etc)",Accounting/Finance,3000.0,,,
Germany,DEU,Europe,Master’s degree,"1-3 years","Data Analyst (Business, Marketing, Financial, Quantitative, etc)",Online Service/Internet-based Services,60000.0,Python;SQL,,
United States of America,,,Master’s degree,"3-5 years",Data Scientist,Manufacturing/Fabrication,125000.0,Python;SQL,,
United States of America,,,Doctoral degree,"3-5 years","Data Analyst (Business, Marketing, Financial, Quantitative, etc)",Accounting/Finance,100000.0,R,,
Brazil,BRA,Americas,Master’s degree,"5-10 years",Data Scientist,Accounting/Finance,25000.0,Python;SQL,,
United States of America,,,Master’s degree,"5-10 years","Data Analyst (Business, Marketing, Financial, Quantitative, etc)",Government/Public Service,90000.0,Python;SQL,,
Nigeria,NGA,Africa,Bachelor’s degree,"1-3 years",Data Scientist,Accounting/Finance,0.0,Python;SQL,,
United States of America,,,Master’s degree,"3-5 years",Data Scientist,Government/Public Service,80000.0,Python,,
United States of America,,,Master’s degree,"1-3 years",Data Scientist,Retail/Sales,100000.0,Python;SQL,MongoDB,
United States of America,,,Master’s degree,"3-5 years","Data Analyst (Business, Marketing, Financial, Quantitative, etc)",Online Service/Internet-based Services,10000.0,Python;SQL,SQLite;MongoDB,
India,IND,Asia,Master’s degree,"5-10 years",Data Scientist,Computers/Technology,,Python;R,MongoDB,
Netherlands,NLD,Europe,Professional doctorate,"1-3 years","Data Analyst (Business, Marketing, Financial, Quantitative, etc)",Retail/Sales,4000.0,Python;R;SQL;MATLAB,,
Nigeria,NGA,Africa,Some college/university study without earning a bachelor’s degree,< 1 years,Data Scientist,Computers/Technology,4000.0,Python,,
United States of America,,,Bachelor’s degree,"3-5 years","Data Analyst (Business, Marketing, Financial, Quantitative, etc)",Accounting/Finance,90000.0,Python;R;SQL;Bash,,
Turkey,TUR,Asia,Master’s degree,"3-5 years",Data Scientist,Computers/Technology,0.0,Python;R;SQL,,
United States of America,,,Master’s degree,"3-5 years",Data Scientist,Energy/Mining,90000.0,Python;R;SQL,,
Mexico,MEX,Americas,Bachelor’s degree,I have never written code,"Data Analyst (Business, Marketing, Financial, Quantitative, etc)",Medical/Pharmaceutical,15000.0,,,
India,IND,Asia,Master’s degree,< 1 years,Data Scientist,Academics/Education,,Python;MATLAB,,
India,IND,Asia,Master’s degree,"3-5 years",Data Engineer,Accounting/Finance,125000.0,SQL,,
Ireland,IRL,Europe,Doctoral degree,"1-3 years",Data Scientist,Accounting/Finance,70000.0,Python;SQL,SQLite,
Ethiopia,ETH,Africa,Bachelor’s degree,< 1 years,Data Engineer,Government/Public Service,0.0,Python;Javascript,,
Nigeria,NGA,Africa,Professional doctorate,< 1 years,"Data Analyst (Business, Marketing, Financial, Quantitative, etc)",Accounting/Finance,0.0,Python;R,,
India,IND,Asia,Master’s degree,"1-3 years",Data Scientist,Accounting/Finance,0.0,Python;SQL,,
Philippines,PHL,Asia,Master’s degree,"1-3 years",Data Scientist,Marketing/CRM,10000.0,Python,,
Morocco,MAR,Africa,No formal education past high school,"3-5 years",Data Engineer,Non-profit/Service,100000.0,Python;SQL,,
Argentina,ARG,Americas,Professional doctorate,"10-20 years",Data Scientist,Online Service/Internet-based Services,1000.0,Python;R;SQL,,
Pakistan,PAK,Asia,Master’s degree,"1-3 years","Data Analyst (Business, Marketing, Financial, Quantitative, etc)",Computers/Technology,1000.0,Python;R;C#;C++;MATLAB,MongoDB,
United States of America,,,Bachelor’s degree,"5-10 years","Data Analyst (Business, Marketing, Financial, Quantitative, etc)",Medical/Pharmaceutical,,Python;SQL;Javascript;Bash;PHP,,
Japan,JPN,Asia,Bachelor’s degree,I have never written code,"Data Analyst (Business, Marketing, Financial, Quantitative, etc)",Manufacturing/Fabrication,2000.0,,,
United States of America,,,Master’s degree,"20+ years",Data Scientist,Computers/Technology,150000.0,Python;R;SQL,,
Chile,CHL,Americas,Master’s degree,"1-3 years",Data Scientist,Computers/Technology,25000.0,Python;SQL,MongoDB,
Other,,,Master’s degree,I have never written code,"Data Analyst (Business, Marketing, Financial, Quantitative, etc)",Online Service/Internet-based Services,0.0,,,
Nigeria,NGA,Africa,Doctoral degree,< 1 years,"Data Analyst (Business, Marketing, Financial, Quantitative, etc)",Computers/Technology,0.0,Python;R;SQL;Javascript;Bash,,
Pakistan,PAK,Asia,Doctoral degree,"3-5 years","Data Analyst (Business, Marketing, Financial, Quantitative, etc)",Academics/Education,0.0,Python;R,,
United States of America,,,Some college/university study without earning a bachelor’s degree,I have never written code,"Data Analyst (Business, Marketing, Financial, Quantitative, etc)",Retail/Sales,60000.0,,,
Pakistan,PAK,Asia,Master’s degree,< 1 years,Data Scientist,Computers/Technology,4000.0,Python;SQL,,
India,IND,Asia,Master’s degree,"1-3 years",Data Scientist,Online Service/Internet-based Services,,Python,,
India,IND,Asia,Bachelor’s degree,< 1 years,"Data Analyst (Business, Marketing, Financial, Quantitative, etc)",Computers/Technology,7500.0,Python;SQL;C++,MySQL,
United States of America,,,Bachelor’s degree,"1-3 years","Data Analyst (Business, Marketing, Financial, Quantitative, etc)",Computers/Technology,,Python;SQL;Bash;PHP,,
United States of America,,,Doctoral degree,"10-20 years",Data Scientist,Computers/Technology,100000.0,Python;SQL;C;C#;C++;MATLAB,,
United States of America,,,Master’s degree,"5-10 years",Data Scientist,Other,150000.0,Python;R;SQL,MySQL;Snowflake,
India,IND,Asia,Bachelor’s degree,"1-3 years",Data Scientist,Computers/Technology,5000.0,Python;SQL;Javascript,MySQL;SQLite,Qlik Sense
Netherlands,NLD,Europe,Master’s degree,"1-3 years",Data Scientist,Government/Public Service,40000.0,R;SQL,,
China,CHN,Asia,Master’s degree,"1-3 years",Data Engineer,Computers/Technology,1000.0,Python,,
Japan,JPN,Asia,Master’s degree,"1-3 years","Data Analyst (Business, Marketing, Financial, Quantitative, etc)",Computers/Technology,0.0,Python;Java;Bash,,
India,IND,Asia,Master’s degree,< 1 years,Data Scientist,Academics/Education,0.0,Python;SQL;C,MongoDB,
Other,,,Master’s degree,I have never written code,"Data Analyst (Business, Marketing, Financial, Quantitative, etc)",Accounting/Finance,20000.0,,,
Italy,ITA,Europe,Master’s degree,"10-20 years",Data Scientist,Computers/Technology,25000.0,Python;SQL;Javascript,,
Nigeria,NGA,Africa,Master’s degree,< 1 years,"Data Analyst (Business, Marketing, Financial, Quantitative, etc)",Accounting/Finance,0.0,SQL,,
Ukraine,UKR,Europe,Bachelor’s degree,"1-3 years",Data Scientist,Accounting/Finance,10000.0,Python;SQL,,
Australia,AUS,Oceania,Master’s degree,"3-5 years",Data Scientist,Accounting/Finance,100000.0,Python;R;SQL,,Microsoft Power BI
Other,,,Master’s degree,"1-3 years","Data Analyst (Business, Marketing, Financial, Quantitative, etc)",Accounting/Finance,10000.0,Python,,
United States of America,,,Bachelor’s degree,I have never written code,"Data Analyst (Business, Marketing, Financial, Quantitative, etc)",,,,,
Nigeria,NGA,Africa,Master’s degree,"3-5 years",Data Administrator,Government/Public Service,1000.0,Python;SQL;PHP,,
India,IND,Asia,Master’s degree,< 1 years,Data Scientist,Other,0.0,Python,,
India,IND,Asia,Master’s degree,"3-5 years","Data Analyst (Business, Marketing, Financial, Quantitative, etc)",Computers/Technology,,Python;C++,PostgreSQL,
United States of America,,,Bachelor’s degree,"5-10 years",Data Scientist,Retail/Sales,125000.0,Python;SQL,,
India,IND,Asia,Master’s degree,"1-3 years",Data Scientist,Computers/Technology,,Python;SQL;MATLAB,,
Japan,JPN,Asia,I prefer not to answer,"5-10 years",Data Scientist,Academics/Education,40000.0,Python;SQL,MongoDB;Snowflake,
Spain,ESP,Europe,Doctoral degree,"3-5 years",Data Scientist,Government/Public Service,1000.0,Python;R;SQL;MATLAB,,
United Kingdom of Great Britain and Northern Ireland,,,Some college/university study without earning a bachelor’s degree,"20+ years","Data Analyst (Business, Marketing, Financial, Quantitative, etc)",Other,50000.0,R;SQL,,
Germany,DEU,Europe,Master’s degree,"1-3 years","Data Analyst (Business, Marketing, Financial, Quantitative, etc)",Computers/Technology,60000.0,Python;SQL,MongoDB,
Other,,,Master’s degree,"10-20 years",Data Scientist,Online Service/Internet-based Services,,Python;SQL,,
Pakistan,PAK,Asia,Bachelor’s degree,"3-5 years","Data Analyst (Business, Marketing, Financial, Quantitative, etc)",Medical/Pharmaceutical,10000.0,R;SQL,,
South Africa,ZAF,Africa,Bachelor’s degree,"1-3 years","Data Analyst (Business, Marketing, Financial, Quantitative, etc)",Retail/Sales,2000.0,Python,,
United States of America,,,Doctoral degree,"5-10 years",Data Scientist,Computers/Technology,200000.0,Python;R;SQL,,
Other,,,Master’s degree,I have never written code,"Data Analyst (Business, Marketing, Financial, Quantitative, etc)",Government/Public Service,10000.0,,,
Poland,POL,Europe,Master’s degree,"5-10 years",Data Scientist,Insurance/Risk Assessment,90000.0,Python;R;SQL;MATLAB,,
United States of America,,,Master’s degree,"3-5 years",Data Scientist,Government/Public Service,90000.0,Python,,
Argentina,ARG,Americas,Professional doctorate,"3-5 years","Data Analyst (Business, Marketing, Financial, Quantitative, etc)",Accounting/Finance,,Python,,
United States of America,,,Some college/university study without earning a bachelor’s degree,I have never written code,"Data Analyst (Business, Marketing, Financial, Quantitative, etc)",Computers/Technology,0.0,,,
Brazil,BRA,Americas,Master’s degree,"1-3 years",Data Scientist,Accounting/Finance,7500.0,Python;R;SQL,,
United Arab Emirates,ARE,Asia,Bachelor’s degree,"10-20 years","Data Analyst (Business, Marketing, Financial, Quantitative, etc)",Energy/Mining,100000.0,Python,,
"Iran, Islamic Republic of...",,,I prefer not to answer,< 1 years,"Data Analyst (Business, Marketing, Financial, Quantitative, etc)",Accounting/Finance,3000.0,Javascript,,
Ukraine,UKR,Europe,Master’s degree,"3-5 years","Data Analyst (Business, Marketing, Financial, Quantitative, etc)",Computers/Technology,5000.0,Python;SQL;C++;Java;MATLAB,,
Other,,,Doctoral degree,"3-5 years",Data Scientist,Computers/Technology,50000.0,Python,,
India,IND,Asia,I prefer not to answer,"5-10 years","Data Analyst (Business, Marketing, Financial, Quantitative, etc)",Computers/Technology,,SQL,,
India,IND,Asia,Master’s degree,I have never written code,"Data Analyst (Business, Marketing, Financial, Quantitative, etc)",Accounting/Finance,20000.0,,,
Turkey,TUR,Asia,Master’s degree,"3-5 years",Data Scientist,Computers/Technology,0.0,Python,,
India,IND,Asia,Bachelor’s degree,< 1 years,"Data Analyst (Business, Marketing, Financial, Quantitative, etc)",Medical/Pharmaceutical,50000.0,R;SQL,PostgreSQL,
India,IND,Asia,Bachelor’s degree,"1-3 years","Data Analyst (Business, Marketing, Financial, Quantitative, etc)",Insurance/Risk Assessment,0.0,SQL,PostgreSQL,Qlik Sense
United States of America,,,Doctoral degree,"10-20 years","Data Analyst (Business, Marketing, Financial, Quantitative, etc)",Broadcasting/Communications,300000.0,Python;R;SQL,SQLite;Oracle Database,
United States of America,,,Bachelor’s degree,< 1 years,"Data Analyst (Business, Marketing, Financial, Quantitative, etc)",Energy/Mining,60000.0,Python;SQL,,
India,IND,Asia,Bachelor’s degree,< 1 years,"Data Analyst (Business, Marketing, Financial, Quantitative, etc)",Accounting/Finance,0.0,Python,,
United States of America,,,Some college/university study without earning a bachelor’s degree,"20+ years",Data Engineer,Medical/Pharmaceutical,100000.0,Python;SQL;C#;Javascript;Bash,SQLite,
India,IND,Asia,Bachelor’s degree,"1-3 years",Data Scientist,Online Service/Internet-based Services,1000.0,Python;SQL;C;C#;Javascript,MySQL,
India,IND,Asia,Master’s degree,"3-5 years","Data Analyst (Business, Marketing, Financial, Quantitative, etc)",Medical/Pharmaceutical,3000.0,SQL,,
Other,,,Master’s degree,"1-3 years",Data Scientist,Broadcasting/Communications,5000.0,Python,,
United States of America,,,Some college/university study without earning a bachelor’s degree,"1-3 years","Data Analyst (Business, Marketing, Financial, Quantitative, etc)",Computers/Technology,30000.0,Python,,
India,IND,Asia,I prefer not to answer,"1-3 years","Data Analyst (Business, Marketing, Financial, Quantitative, etc)",Academics/Education,15000.0,Python;SQL;C;C++;Java;Javascript,MySQL;PostgreSQL;SQLite;Oracle Database;MongoDB;Snowflake,
India,IND,Asia,Master’s degree,"5-10 years",Data Scientist,Accounting/Finance,15000.0,Python;R;SQL,,Google Data Studio
Ghana,GHA,Africa,Master’s degree,< 1 years,"Data Analyst (Business, Marketing, Financial, Quantitative, etc)",Manufacturing/Fabrication,0.0,R;SQL,,
Spain,ESP,Europe,I prefer not to answer,"3-5 years",Data Scientist,Insurance/Risk Assessment,50000.0,Python;SQL,,
India,IND,Asia,Doctoral degree,"3-5 years",Data Scientist,Computers/Technology,15000.0,Python,MySQL;SQLite,
United States of America,,,Master’s degree,"20+ years",Data Scientist,Accounting/Finance,80000.0,Python;SQL,,
Brazil,BRA,Americas,Doctoral degree,"10-20 years",Data Scientist,Manufacturing/Fabrication,,Python;SQL,,
Russia,RUS,Europe,Master’s degree,"3-5 years",Data Scientist,Computers/Technology,0.0,Python;Bash,MongoDB,
Other,,,Master’s degree,"3-5 years","Data Analyst (Business, Marketing, Financial, Quantitative, etc)",Computers/Technology,0.0,Python;SQL;Javascript,SQLite,Looker
United States of America,,,Bachelor’s degree,< 1 years,"Data Analyst (Business, Marketing, Financial, Quantitative, etc)",Medical/Pharmaceutical,70000.0,Python;SQL,,
United States of America,,,I prefer not to answer,"1-3 years",Data Scientist,Computers/Technology,,Python,,
India,IND,Asia,Master’s degree,"1-3 years",Data Scientist,Medical/Pharmaceutical,15000.0,Python;R;SQL,,
Ukraine,UKR,Europe,Master’s degree,I have never written code,"Data Analyst (Business, Marketing, Financial, Quantitative, etc)",Medical/Pharmaceutical,10000.0,,,
Israel,ISR,Asia,Doctoral degree,"1-3 years",Data Scientist,Other,100000.0,Python,,
United States of America,,,Master’s degree,"1-3 years",Data Scientist,Non-profit/Service,60000.0,Python;R;SQL;MATLAB,MongoDB,
United States of America,,,Bachelor’s degree,I have never written code,"Data Analyst (Business, Marketing, Financial, Quantitative, etc)",Retail/Sales,70000.0,,,
United States of America,,,Bachelor’s degree,"1-3 years","Data Analyst (Business, Marketing, Financial, Quantitative, etc)",Other,20000.0,Python;R;SQL,,
India,IND,Asia,I prefer not to answer,"3-5 years",Data Scientist,Computers/Technology,10000.0,Python;R;SQL,Oracle Database;Snowflake,
United States of America,,,Bachelor’s degree,"3-5 years",Data Engineer,Manufacturing/Fabrication,125000.0,Python;SQL;Bash,MySQL;MongoDB,Google Data Studio
Brazil,BRA,Americas,Doctoral degree,"10-20 years","Data Analyst (Business, Marketing, Financial, Quantitative, etc)",Accounting/Finance,2000.0,Python;SQL;C,,
Portugal,PRT,Europe,Master’s degree,"5-10 years","Data Analyst (Business, Marketing, Financial, Quantitative, etc)",Computers/Technology,30000.0,SQL,,
United States of America,,,Bachelor’s degree,"10-20 years","Data Analyst (Business, Marketing, Financial, Quantitative, etc)",Online Service/Internet-based Services,150000.0,SQL,,
South Korea,KOR,Asia,Doctoral degree,"10-20 years",Data Engineer,Manufacturing/Fabrication,7500.0,Python;SQL;Bash,PostgreSQL;Snowflake,
Ukraine,UKR,Europe,Some college/university study without earning a bachelor’s degree,< 1 years,"Data Analyst (Business, Marketing, Financial, Quantitative, etc)",Medical/Pharmaceutical,,Python;SQL,,
United States of America,,,Master’s degree,"3-5 years",Data Scientist,Retail/Sales,125000.0,Python;R;SQL,SQLite,
Kenya,KEN,Africa,Master’s degree,< 1 years,"Data Analyst (Business, Marketing, Financial, Quantitative, etc)",Manufacturing/Fabrication,60000.0,Python;R;SQL,MongoDB,
Australia,AUS,Oceania,Bachelor’s degree,"5-10 years",Data Scientist,Computers/Technology,100000.0,R;SQL,,
India,IND,Asia,I prefer not to answer,I have never written code,"Data Analyst (Business, Marketing, Financial, Quantitative, etc)",Accounting/Finance,2000.0,,,
India,IND,Asia,Doctoral degree,I have never written code,"Data Analyst (Business, Marketing, Financial, Quantitative, etc)",Marketing/CRM,2000.0,,,
Other,,,Bachelor’s degree,"10-20 years",Data Engineer,Accounting/Finance,,Python;SQL;C#,,
United States of America,,,Bachelor’s degree,"5-10 years",Data Scientist,Medical/Pharmaceutical,200000.0,Python;R;SQL,SQLite;MongoDB,
Nigeria,NGA,Africa,Doctoral degree,"1-3 years",Data Scientist,Non-profit/Service,10000.0,Python,,
United States of America,,,Master’s degree,"10-20 years",Data Scientist,Retail/Sales,125000.0,Python;C++,SQLite,
India,IND,Asia,Bachelor’s degree,"5-10 years","Data Analyst (Business, Marketing, Financial, Quantitative, etc)",Accounting/Finance,10000.0,Python;R;SQL,,
Other,,,Bachelor’s degree,"1-3 years","Data Analyst (Business, Marketing, Financial, Quantitative, etc)",Computers/Technology,125000.0,C;Java,MongoDB,
India,IND,Asia,I prefer not to answer,"3-5 years",Data Scientist,Computers/Technology,2000.0,Python;MATLAB,,
Portugal,PRT,Europe,Doctoral degree,"10-20 years","Data Analyst (Business, Marketing, Financial, Quantitative, etc)",Other,25000.0,Python;SQL;Bash,,
Peru,PER,Americas,Master’s degree,"1-3 years","Data Analyst (Business, Marketing, Financial, Quantitative, etc)",Retail/Sales,0.0,Python;SQL;Javascript;Bash,SQLite,Tableau
India,IND,Asia,Master’s degree,"1-3 years",Data Scientist,Accounting/Finance,30000.0,Python;R,,
Other,,,I prefer not to answer,I have never written code,"Data Analyst (Business, Marketing, Financial, Quantitative, etc)",Non-profit/Service,0.0,,,
United States of America,,,Master’s degree,< 1 years,"Data Analyst (Business, Marketing, Financial, Quantitative, etc)",Non-profit/Service,50000.0,,,
India,IND,Asia,Bachelor’s degree,< 1 years,Data Scientist,,,Python,,
United States of America,,,Master’s degree,"5-10 years",Data Scientist,Accounting/Finance,125000.0,Python;R;SQL,,
India,IND,Asia,Master’s degree,"5-10 years",Data Scientist,Computers/Technology,0.0,Python;SQL;C;C#;C++;Java;Javascript,MongoDB,
Ghana,GHA,Africa,Bachelor’s degree,I have never written code,Data Administrator,Government/Public Service,1000.0,,,
India,IND,Asia,I prefer not to answer,"3-5 years",Data Scientist,Energy/Mining,,SQL;C#;C++;Java,,
India,IND,Asia,Bachelor’s degree,< 1 years,"Data Analyst (Business, Marketing, Financial, Quantitative, etc)",Computers/Technology,4000.0,Java,,
Taiwan,TWN,Asia,Master’s degree,"3-5 years","Data Analyst (Business, Marketing, Financial, Quantitative, etc)",Online Service/Internet-based Services,15000.0,Python,,
United States of America,,,Doctoral degree,"20+ years",Data Scientist,Computers/Technology,150000.0,Python;R,SQLite;MongoDB,Microsoft Power BI
Egypt,EGY,Africa,Bachelor’s degree,I have never written code,Data Scientist,Accounting/Finance,0.0,,,
India,IND,Asia,I prefer not to answer,"1-3 years","Data Analyst (Business, Marketing, Financial, Quantitative, etc)",Computers/Technology,0.0,Python;R;SQL,,
India,IND,Asia,Bachelor’s degree,"5-10 years",Data Scientist,Manufacturing/Fabrication,1000.0,Python,MySQL,
Egypt,EGY,Africa,Master’s degree,< 1 years,"Data Analyst (Business, Marketing, Financial, Quantitative, etc)",Other,0.0,Python;C#;C++;MATLAB,,
Nigeria,NGA,Africa,Master’s degree,"1-3 years","Data Analyst (Business, Marketing, Financial, Quantitative, etc)",Broadcasting/Communications,2000.0,Python;SQL,,
United States of America,,,Master’s degree,"1-3 years","Data Analyst (Business, Marketing, Financial, Quantitative, etc)",Non-profit/Service,60000.0,,,
Russia,RUS,Europe,Bachelor’s degree,"3-5 years",Data Scientist,Computers/Technology,15000.0,Python;SQL;Bash,,
Nigeria,NGA,Africa,Master’s degree,"10-20 years","Data Analyst (Business, Marketing, Financial, Quantitative, etc)",Accounting/Finance,50000.0,R;SQL,,
India,IND,Asia,Master’s degree,< 1 years,Data Scientist,Other,,Python;SQL;MATLAB,,
United States of America,,,Master’s degree,"5-10 years",Data Scientist,Other,125000.0,Python;SQL,SQLite;MongoDB,
India,IND,Asia,Master’s degree,"5-10 years",Data Scientist,Medical/Pharmaceutical,,Python;SQL,,
India,IND,Asia,Bachelor’s degree,"1-3 years","Data Analyst (Business, Marketing, Financial, Quantitative, etc)",Computers/Technology,5000.0,Python;R;SQL;Java,MySQL;PostgreSQL,
Mexico,MEX,Americas,Master’s degree,< 1 years,"Data Analyst (Business, Marketing, Financial, Quantitative, etc)",Computers/Technology,3000.0,Python;C#;C++;Javascript,MongoDB,
India,IND,Asia,I prefer not to answer,"1-3 years","Data Analyst (Business, Marketing, Financial, Quantitative, etc)",Insurance/Risk Assessment,7500.0,Python;SQL,,
United States of America,,,I prefer not to answer,I have never written code,"Data Analyst (Business, Marketing, Financial, Quantitative, etc)",Computers/Technology,,,,
Other,,,I prefer not to answer,"5-10 years",Data Scientist,Computers/Technology,4000.0,SQL,Microsoft SQL Server,
South Korea,KOR,Asia,Master’s degree,"1-3 years",Data Scientist,Manufacturing/Fabrication,,Python,,
India,IND,Asia,Master’s degree,< 1 years,"Data Analyst (Business, Marketing, Financial, Quantitative, etc)",Non-profit/Service,0.0,Python;SQL,,
United States of America,,,Bachelor’s degree,"1-3 years","Data Analyst (Business, Marketing, Financial, Quantitative, etc)",Government/Public Service,70000.0,Python;SQL,SQLite;Oracle Database,Tableau
United States of America,,,Bachelor’s degree,"1-3 years",Data Engineer,Other,100000.0,Python;SQL,SQLite,
Other,,,Master’s degree,"10-20 years",Data Scientist,Energy/Mining,30000.0,Python;Java,,
Czech Republic,,,Bachelor’s degree,"1-3 years","Data Analyst (Business, Marketing, Financial, Quantitative, etc)",,,Python;SQL,,
Indonesia,IDN,Asia,Some college/university study without earning a bachelor’s degree,"1-3 years","Data Analyst (Business, Marketing, Financial, Quantitative, etc)",Medical/Pharmaceutical,0.0,Python;SQL,MongoDB,
India,IND,Asia,Master’s degree,"1-3 years","Data Analyst (Business, Marketing, Financial, Quantitative, etc)",Academics/Education,10000.0,Python,,
India,IND,Asia,Bachelor’s degree,"5-10 years",Data Scientist,Accounting/Finance,4000.0,Python;SQL;C;Java;Javascript,,
United States of America,,,Master’s degree,"20+ years",Data Scientist,Accounting/Finance,,Python;SQL;C,,
Other,,,Bachelor’s degree,"1-3 years","Data Analyst (Business, Marketing, Financial, Quantitative, etc)",Computers/Technology,0.0,R,,
Mexico,MEX,Americas,Some college/university study without earning a bachelor’s degree,< 1 years,"Data Analyst (Business, Marketing, Financial, Quantitative, etc)",Other,0.0,SQL,,
Argentina,ARG,Americas,Bachelor’s degree,"20+ years",Data Engineer,Broadcasting/Communications,10000.0,Python;SQL;Bash,,
United States of America,,,Bachelor’s degree,"1-3 years",Data Scientist,Computers/Technology,150000.0,Python,SQLite;MongoDB,Tableau
United States of America,,,Master’s degree,"5-10 years","Data Analyst (Business, Marketing, Financial, Quantitative, etc)",Other,125000.0,SQL,,
Spain,ESP,Europe,Master’s degree,I have never written code,"Data Analyst (Business, Marketing, Financial, Quantitative, etc)",Energy/Mining,0.0,,,
Turkey,TUR,Asia,Master’s degree,"5-10 years",Data Scientist,Online Service/Internet-based Services,1000.0,Python,SQLite,
United States of America,,,Master’s degree,I have never written code,"Data Analyst (Business, Marketing, Financial, Quantitative, etc)",Non-profit/Service,70000.0,,,
United Arab Emirates,ARE,Asia,Master’s degree,< 1 years,Data Scientist,Manufacturing/Fabrication,3000.0,Python,,
United States of America,,,Bachelor’s degree,"10-20 years","Data Analyst (Business, Marketing, Financial, Quantitative, etc)",Accounting/Finance,25000.0,Python;R;SQL;Javascript;Bash,,
Other,,,Doctoral degree,"10-20 years",Data Scientist,Medical/Pharmaceutical,,Python;C;C++,,
India,IND,Asia,Master’s degree,"3-5 years",Data Scientist,Shipping/Transportation,15000.0,Python;SQL,,Looker
India,IND,Asia,I prefer not to answer,I have never written code,"Data Analyst (Business, Marketing, Financial, Quantitative, etc)",Other,,,,
Colombia,COL,Americas,Doctoral degree,"3-5 years","Data Analyst (Business, Marketing, Financial, Quantitative, etc)",Marketing/CRM,15000.0,Python;SQL;Javascript,,
Argentina,ARG,Americas,Master’s degree,"10-20 years",Data Scientist,Accounting/Finance,30000.0,Python;SQL,,
India,IND,Asia,Master’s degree,"1-3 years",Data Engineer,Computers/Technology,10000.0,Python;SQL;C++;Java;Javascript,MongoDB,
India,IND,Asia,I prefer not to answer,"10-20 years","Data Analyst (Business, Marketing, Financial, Quantitative, etc)",Computers/Technology,,SQL;C#,,
India,IND,Asia,Bachelor’s degree,"1-3 years",Data Scientist,Energy/Mining,10000.0,Python;SQL;C#,,
Poland,POL,Europe,I prefer not to answer,"3-5 years",Data Scientist,Insurance/Risk Assessment,1000.0,R;SQL,MySQL;PostgreSQL,Qlik Sense
India,IND,Asia,Bachelor’s degree,"1-3 years",Data Engineer,,,Python;Java;Javascript,,
United States of America,,,Some college/university study without earning a bachelor’s degree,"1-3 years","Data Analyst (Business, Marketing, Financial, Quantitative, etc)",Computers/Technology,0.0,Python,,
United States of America,,,Master’s degree,"20+ years","Data Analyst (Business, Marketing, Financial, Quantitative, etc)",Medical/Pharmaceutical,125000.0,SQL,,
Other,,,Bachelor’s degree,I have never written code,"Data Analyst (Business, Marketing, Financial, Quantitative, etc)",Government/Public Service,20000.0,,,
United States of America,,,Bachelor’s degree,"1-3 years",Data Scientist,Online Service/Internet-based Services,90000.0,Python;SQL;Bash,SQLite,
China,CHN,Asia,I prefer not to answer,< 1 years,Data Scientist,Insurance/Risk Assessment,1000.0,Python;SQL;C++;MATLAB,PostgreSQL;SQLite,Google Data Studio;Tableau
Other,,,Bachelor’s degree,"3-5 years","Data Analyst (Business, Marketing, Financial, Quantitative, etc)",Computers/Technology,70000.0,R;SQL,,
United States of America,,,Master’s degree,"1-3 years","Data Analyst (Business, Marketing, Financial, Quantitative, etc)",Medical/Pharmaceutical,80000.0,R;SQL,,
Netherlands,NLD,Europe,Professional doctorate,"5-10 years",Data Scientist,Non-profit/Service,40000.0,R,,
India,IND,Asia,Master’s degree,"1-3 years","Data Analyst (Business, Marketing, Financial, Quantitative, etc)",Computers/Technology,10000.0,Python;SQL;C;MATLAB,,
Turkey,TUR,Asia,Master’s degree,"3-5 years",Data Scientist,Other,40000.0,Python;R;SQL,,Qlik Sense
Mexico,MEX,Americas,Bachelor’s degree,"10-20 years",Data Engineer,Computers/Technology,25000.0,Python;SQL,MySQL;SQLite,
India,IND,Asia,Master’s degree,< 1 years,"Data Analyst (Business, Marketing, Financial, Quantitative, etc)",,,Python,,
India,IND,Asia,Bachelor’s degree,"1-3 years","Data Analyst (Business, Marketing, Financial, Quantitative, etc)",Medical/Pharmaceutical,,Python;R;SQL,,
United States of America,,,Bachelor’s degree,I have never written code,"Data Analyst (Business, Marketing, Financial, Quantitative, etc)",Academics/Education,7500.0,,,
United States of America,,,Bachelor’s degree,"5-10 years","Data Analyst (Business, Marketing, Financial, Quantitative, etc)",Computers/Technology,,Python;SQL;C;Java,,
India,IND,Asia,Master’s degree,< 1 years,"Data Analyst (Business, Marketing, Financial, Quantitative, etc)",Academics/Education,1000.0,Python;R;SQL;MATLAB,,
"Iran, Islamic Republic of...",,,Master’s degree,"1-3 years",Data Scientist,Computers/Technology,0.0,Python;R;SQL,,
India,IND,Asia,Doctoral degree,"1-3 years","Data Analyst (Business, Marketing, Financial, Quantitative, etc)",Computers/Technology,1000.0,Python,Snowflake,
Egypt,EGY,Africa,Master’s degree,"1-3 years","Data Analyst (Business, Marketing, Financial, Quantitative, etc)",Accounting/Finance,0.0,Python;SQL,,
United States of America,,,Master’s degree,< 1 years,"Data Analyst (Business, Marketing, Financial, Quantitative, etc)",Medical/Pharmaceutical,,R;SQL,,
India,IND,Asia,Master’s degree,"10-20 years",Data Scientist,Shipping/Transportation,100000.0,Python;R,MySQL;PostgreSQL,
Other,,,Master’s degree,"10-20 years",Data Scientist,Computers/Technology,70000.0,Python;SQL;Bash,,
United States of America,,,Master’s degree,"3-5 years",Data Engineer,Retail/Sales,125000.0,Python;SQL;C;C#;Java,MySQL;SQLite,
France,FRA,Europe,Master’s degree,"1-3 years",Data Scientist,Retail/Sales,50000.0,Python,,
United States of America,,,Bachelor’s degree,"1-3 years","Data Analyst (Business, Marketing, Financial, Quantitative, etc)",Academics/Education,30000.0,Python;R;SQL,SQLite;Oracle Database;MongoDB;Snowflake,
Israel,ISR,Asia,Master’s degree,"1-3 years","Data Analyst (Business, Marketing, Financial, Quantitative, etc)",Other,70000.0,Python,,
Malaysia,MYS,Asia,Bachelor’s degree,< 1 years,Data Scientist,Non-profit/Service,0.0,,,
Netherlands,NLD,Europe,Doctoral degree,"5-10 years",Data Scientist,Accounting/Finance,50000.0,Python;SQL,,
India,IND,Asia,Bachelor’s degree,"1-3 years",Data Scientist,Retail/Sales,125000.0,Python,,
United Kingdom of Great Britain and Northern Ireland,,,Professional doctorate,"5-10 years",Data Scientist,Insurance/Risk Assessment,50000.0,R;SQL;MATLAB;Julia,MySQL,
India,IND,Asia,Bachelor’s degree,"3-5 years","Data Analyst (Business, Marketing, Financial, Quantitative, etc)",Computers/Technology,10000.0,Python;SQL;C++,,
United States of America,,,Doctoral degree,"1-3 years",Data Scientist,Medical/Pharmaceutical,50000.0,Python,,
India,IND,Asia,Bachelor’s degree,"3-5 years",Data Scientist,Other,0.0,Python;Java;MATLAB,,
Romania,ROU,Europe,Doctoral degree,"3-5 years",Data Scientist,Manufacturing/Fabrication,50000.0,Python;SQL,SQLite,Tableau
Poland,POL,Europe,Master’s degree,"3-5 years",Data Scientist,Medical/Pharmaceutical,,Python,,
United States of America,,,Bachelor’s degree,< 1 years,"Data Analyst (Business, Marketing, Financial, Quantitative, etc)",Government/Public Service,70000.0,SQL,MongoDB,
United Kingdom of Great Britain and Northern Ireland,,,Master’s degree,"3-5 years",Data Scientist,Online Service/Internet-based Services,90000.0,Python;SQL,MongoDB,
Taiwan,TWN,Asia,I prefer not to answer,"3-5 years",Data Engineer,Computers/Technology,2000.0,Python,,
Italy,ITA,Europe,Doctoral degree,"3-5 years","Data Analyst (Business, Marketing, Financial, Quantitative, etc)",Retail/Sales,30000.0,Python,,
Russia,RUS,Europe,I prefer not to answer,I have never written code,"Data Analyst (Business, Marketing, Financial, Quantitative, etc)",Accounting/Finance,,,,
United States of America,,,Master’s degree,< 1 years,Data Engineer,Computers/Technology,80000.0,Python;R;SQL,MySQL;PostgreSQL,Google Data Studio;Qlik Sense
"Iran, Islamic Republic of...",,,Bachelor’s degree,"1-3 years","Data Analyst (Business, Marketing, Financial, Quantitative, etc)",Marketing/CRM,2000.0,SQL;C;C++,,
India,IND,Asia,Bachelor’s degree,"5-10 years",Data Scientist,Accounting/Finance,10000.0,C#,,
Argentina,ARG,Americas,I prefer not to answer,"10-20 years",Data Scientist,Government/Public Service,0.0,Python;SQL;C#,,
India,IND,Asia,Doctoral degree,"3-5 years","Data Analyst (Business, Marketing, Financial, Quantitative, etc)",Academics/Education,0.0,Python;R;SQL;C;Java,,
India,IND,Asia,Master’s degree,< 1 years,Data Scientist,Computers/Technology,,Python,,
India,IND,Asia,I prefer not to answer,< 1 years,Data Scientist,Computers/Technology,1000.0,Python;SQL;MATLAB,,
India,IND,Asia,Master’s degree,"1-3 years","Data Analyst (Business, Marketing, Financial, Quantitative, etc)",Manufacturing/Fabrication,1000.0,Python;SQL,,
United States of America,,,Master’s degree,"1-3 years","Data Analyst (Business, Marketing, Financial, Quantitative, etc)",Academics/Education,,Python;SQL,,
Russia,RUS,Europe,I prefer not to answer,"1-3 years",Data Scientist,Marketing/CRM,0.0,Python;R;SQL,,
Singapore,SGP,Asia,Master’s degree,"1-3 years",Data Scientist,Computers/Technology,70000.0,Python,,
Indonesia,IDN,Asia,Bachelor’s degree,< 1 years,Data Administrator,Manufacturing/Fabrication,0.0,Python;SQL;Bash;MATLAB,,
Netherlands,NLD,Europe,Master’s degree,< 1 years,Data Engineer,Computers/Technology,,Python;SQL,,
China,CHN,Asia,Master’s degree,I have never written code,"Data Analyst (Business, Marketing, Financial, Quantitative, etc)",Computers/Technology,0.0,,,
France,FRA,Europe,Master’s degree,"3-5 years",Data Scientist,Computers/Technology,50000.0,Python;SQL;Bash,,
India,IND,Asia,I prefer not to answer,< 1 years,Data Scientist,Computers/Technology,0.0,Python,,
Canada,CAN,Americas,Doctoral degree,"3-5 years",Data Scientist,Computers/Technology,90000.0,Python;SQL,,
India,IND,Asia,Doctoral degree,"5-10 years","Data Analyst (Business, Marketing, Financial, Quantitative, etc)",Computers/Technology,5000.0,Python;R;SQL;C;Java;PHP,MySQL;PostgreSQL,
South Africa,ZAF,Africa,Bachelor’s degree,< 1 years,"Data Analyst (Business, Marketing, Financial, Quantitative, etc)",Government/Public Service,20000.0,Python;R;SQL,,
Spain,ESP,Europe,Doctoral degree,"10-20 years",Data Scientist,Computers/Technology,30000.0,Python;Bash,SQLite,
United States of America,,,Bachelor’s degree,"1-3 years","Data Analyst (Business, Marketing, Financial, Quantitative, etc)",Retail/Sales,4000.0,SQL,,
Indonesia,IDN,Asia,Master’s degree,"1-3 years","Data Analyst (Business, Marketing, Financial, Quantitative, etc)",Marketing/CRM,7500.0,Python;R,MongoDB,
Argentina,ARG,Americas,Bachelor’s degree,"5-10 years","Data Analyst (Business, Marketing, Financial, Quantitative, etc)",Accounting/Finance,10000.0,Python;SQL;MATLAB,,
South Korea,KOR,Asia,Some college/university study without earning a bachelor’s degree,"1-3 years","Data Analyst (Business, Marketing, Financial, Quantitative, etc)",Broadcasting/Communications,30000.0,Python;R;SQL,Microsoft SQL Server,
Morocco,MAR,Africa,Professional doctorate,"5-10 years",Data Scientist,Computers/Technology,0.0,Python;SQL;C;Java;PHP,,
Argentina,ARG,Americas,Master’s degree,"5-10 years","Data Analyst (Business, Marketing, Financial, Quantitative, etc)",Government/Public Service,10000.0,R,,
United States of America,,,Master’s degree,"5-10 years",Data Scientist,Computers/Technology,125000.0,Python,SQLite,
Hong Kong (S.A.R.),,,Master’s degree,"10-20 years",Data Scientist,Accounting/Finance,7500.0,Python;SQL,MongoDB;Snowflake,
India,IND,Asia,Bachelor’s degree,"3-5 years","Data Analyst (Business, Marketing, Financial, Quantitative, etc)",Shipping/Transportation,,Python;SQL,,
Other,,,Doctoral degree,"5-10 years",Data Scientist,Broadcasting/Communications,40000.0,Python,,
Poland,POL,Europe,Master’s degree,I have never written code,Data Administrator,Academics/Education,0.0,,,
India,IND,Asia,Bachelor’s degree,"3-5 years",Data Scientist,Medical/Pharmaceutical,30000.0,Python,,
India,IND,Asia,Master’s degree,< 1 years,"Data Analyst (Business, Marketing, Financial, Quantitative, etc)",Academics/Education,300000.0,Python;SQL,,
India,IND,Asia,Bachelor’s degree,"3-5 years",Data Scientist,Accounting/Finance,20000.0,Python;SQL,,
United States of America,,,Master’s degree,"1-3 years","Data Analyst (Business, Marketing, Financial, Quantitative, etc)",Non-profit/Service,70000.0,Python;R,,
Zimbabwe,ZWE,Africa,Bachelor’s degree,"1-3 years","Data Analyst (Business, Marketing, Financial, Quantitative, etc)",Insurance/Risk Assessment,5000.0,Python;C;Bash,,
United States of America,,,Bachelor’s degree,< 1 years,"Data Analyst (Business, Marketing, Financial, Quantitative, etc)",Computers/Technology,150000.0,Python;SQL,MongoDB,
Other,,,Professional doctorate,"1-3 years",Data Scientist,Computers/Technology,1000.0,Python;SQL,,
India,IND,Asia,Master’s degree,"1-3 years",Data Scientist,Academics/Education,10000.0,Python;R;SQL,MongoDB,
Indonesia,IDN,Asia,Master’s degree,"1-3 years","Data Analyst (Business, Marketing, Financial, Quantitative, etc)",Online Service/Internet-based Services,2000.0,Python;SQL,MongoDB,
Nigeria,NGA,Africa,Doctoral degree,"1-3 years",Data Scientist,Government/Public Service,5000.0,Python,,
India,IND,Asia,Some college/university study without earning a bachelor’s degree,"1-3 years",Data Scientist,Computers/Technology,4000.0,Python,PostgreSQL;SQLite;Oracle Database;Snowflake,Looker
United States of America,,,Master’s degree,"5-10 years",Data Scientist,Insurance/Risk Assessment,,Python,SQLite,
Other,,,Master’s degree,"1-3 years","Data Analyst (Business, Marketing, Financial, Quantitative, etc)",Accounting/Finance,0.0,Python,,
India,IND,Asia,Bachelor’s degree,< 1 years,Data Scientist,Broadcasting/Communications,,Python;R;SQL,,
India,IND,Asia,Professional doctorate,"10-20 years",Data Scientist,Computers/Technology,15000.0,Python;Bash,,
United States of America,,,Master’s degree,"5-10 years","Data Analyst (Business, Marketing, Financial, Quantitative, etc)",Academics/Education,100000.0,Python,SQLite;MongoDB,
United States of America,,,Bachelor’s degree,"3-5 years","Data Analyst (Business, Marketing, Financial, Quantitative, etc)",Medical/Pharmaceutical,60000.0,Python;R;SQL;Javascript;PHP,,
United States of America,,,Master’s degree,"5-10 years",Data Scientist,Accounting/Finance,100000.0,Python;C#,,
Nigeria,NGA,Africa,Bachelor’s degree,I have never written code,"Data Analyst (Business, Marketing, Financial, Quantitative, etc)",Retail/Sales,0.0,,,
Pakistan,PAK,Asia,Master’s degree,"1-3 years",Data Scientist,Other,,Python;SQL;C;Java;Javascript;PHP,,
India,IND,Asia,Bachelor’s degree,"1-3 years","Data Analyst (Business, Marketing, Financial, Quantitative, etc)",Computers/Technology,0.0,Python;SQL;Javascript,,
India,IND,Asia,Master’s degree,< 1 years,"Data Analyst (Business, Marketing, Financial, Quantitative, etc)",Other,15000.0,Python,,
United States of America,,,Bachelor’s degree,< 1 years,"Data Analyst (Business, Marketing, Financial, Quantitative, etc)",Other,60000.0,Python,,
United States of America,,,Master’s degree,< 1 years,Data Administrator,Non-profit/Service,50000.0,,,
China,CHN,Asia,Doctoral degree,"1-3 years","Data Analyst (Business, Marketing, Financial, Quantitative, etc)",Marketing/CRM,1000.0,Python;SQL,PostgreSQL,
India,IND,Asia,I prefer not to answer,"10-20 years","Data Analyst (Business, Marketing, Financial, Quantitative, etc)",Accounting/Finance,,SQL,,
Brazil,BRA,Americas,Bachelor’s degree,"1-3 years","Data Analyst (Business, Marketing, Financial, Quantitative, etc)",Computers/Technology,1000.0,Python;SQL,,
Other,,,Master’s degree,"5-10 years","Data Analyst (Business, Marketing, Financial, Quantitative, etc)",Accounting/Finance,70000.0,Python;R;SQL,,
India,IND,Asia,No formal education past high school,< 1 years,"Data Analyst (Business, Marketing, Financial, Quantitative, etc)",Online Service/Internet-based Services,0.0,SQL,,
Japan,JPN,Asia,Bachelor’s degree,"1-3 years",Data Engineer,Marketing/CRM,3000.0,Python,Snowflake,
India,IND,Asia,Bachelor’s degree,I have never written code,"Data Analyst (Business, Marketing, Financial, Quantitative, etc)",Academics/Education,3000.0,,,
United States of America,,,Bachelor’s degree,"10-20 years",Data Scientist,Manufacturing/Fabrication,150000.0,R;SQL;Java,PostgreSQL,
Russia,RUS,Europe,I prefer not to answer,< 1 years,"Data Analyst (Business, Marketing, Financial, Quantitative, etc)",Medical/Pharmaceutical,10000.0,Python,,
Mexico,MEX,Americas,Bachelor’s degree,< 1 years,Data Scientist,Shipping/Transportation,7500.0,Python;R,,
United States of America,,,Master’s degree,"10-20 years","Data Analyst (Business, Marketing, Financial, Quantitative, etc)",Computers/Technology,,Python;SQL;C;C++;Java,,
Japan,JPN,Asia,Bachelor’s degree,"10-20 years","Data Analyst (Business, Marketing, Financial, Quantitative, etc)",Accounting/Finance,,Python;SQL,,
United States of America,,,Master’s degree,"1-3 years",Data Engineer,Computers/Technology,,Python;SQL,,
Japan,JPN,Asia,I prefer not to answer,"3-5 years","Data Analyst (Business, Marketing, Financial, Quantitative, etc)",,,Python;SQL;Javascript,,
Poland,POL,Europe,Bachelor’s degree,"5-10 years","Data Analyst (Business, Marketing, Financial, Quantitative, etc)",Accounting/Finance,40000.0,SQL,,
Canada,CAN,Americas,Bachelor’s degree,"10-20 years",Data Scientist,Computers/Technology,80000.0,Python;SQL,,
United States of America,,,Master’s degree,"5-10 years",Data Scientist,Online Service/Internet-based Services,200000.0,Python;SQL;Bash,SQLite,
India,IND,Asia,Master’s degree,"10-20 years",Data Scientist,Computers/Technology,5000.0,Python;SQL;Javascript,,
India,IND,Asia,Master’s degree,I have never written code,"Data Analyst (Business, Marketing, Financial, Quantitative, etc)",Accounting/Finance,0.0,,,
India,IND,Asia,Master’s degree,I have never written code,"Data Analyst (Business, Marketing, Financial, Quantitative, etc)",Manufacturing/Fabrication,0.0,,,
United States of America,,,Doctoral degree,"20+ years",Data Scientist,Online Service/Internet-based Services,250000.0,Python;SQL;C++;Bash,SQLite;Oracle Database;MongoDB,
Italy,ITA,Europe,Master’s degree,"3-5 years",Data Scientist,Accounting/Finance,20000.0,Python;SQL,,
India,IND,Asia,Professional doctorate,"1-3 years",Data Scientist,Insurance/Risk Assessment,0.0,Python;R;SQL;MATLAB,,
United Kingdom of Great Britain and Northern Ireland,,,Master’s degree,"1-3 years",Data Scientist,Other,60000.0,Python;SQL,,
United States of America,,,Master’s degree,"3-5 years","Data Analyst (Business, Marketing, Financial, Quantitative, etc)",Academics/Education,60000.0,Python;R,MongoDB,
United States of America,,,Master’s degree,"3-5 years",Data Engineer,Government/Public Service,90000.0,Python;R;C#,,
Nigeria,NGA,Africa,Bachelor’s degree,I have never written code,"Data Analyst (Business, Marketing, Financial, Quantitative, etc)",Retail/Sales,0.0,,,
India,IND,Asia,I prefer not to answer,< 1 years,"Data Analyst (Business, Marketing, Financial, Quantitative, etc)",,,Python,,
Other,,,Doctoral degree,"10-20 years",Data Scientist,Online Service/Internet-based Services,50000.0,Python;R;SQL;C;MATLAB;Julia,MongoDB,
United States of America,,,Doctoral degree,"20+ years",Data Scientist,Accounting/Finance,125000.0,Python;R;SQL,MySQL,Microsoft Power BI
United States of America,,,Doctoral degree,"10-20 years",Data Scientist,Medical/Pharmaceutical,150000.0,Python;SQL;Bash,SQLite;Oracle Database,
India,IND,Asia,Master’s degree,"1-3 years",Data Scientist,Computers/Technology,300000.0,Python;SQL,PostgreSQL,Tableau
United States of America,,,Master’s degree,"5-10 years",Data Scientist,Retail/Sales,150000.0,Python;SQL,MongoDB,
India,IND,Asia,I prefer not to answer,"1-3 years","Data Analyst (Business, Marketing, Financial, Quantitative, etc)",Medical/Pharmaceutical,0.0,Python;SQL,,
Nigeria,NGA,Africa,Master’s degree,< 1 years,"Data Analyst (Business, Marketing, Financial, Quantitative, etc)",Insurance/Risk Assessment,0.0,Python,,
India,IND,Asia,Bachelor’s degree,"5-10 years","Data Analyst (Business, Marketing, Financial, Quantitative, etc)",Computers/Technology,3000.0,Python;SQL;C++;Java;Javascript,PostgreSQL;SQLite;MongoDB,Qlik Sense
Romania,ROU,Europe,Master’s degree,"3-5 years",Data Scientist,Computers/Technology,20000.0,Python,,
China,CHN,Asia,Bachelor’s degree,< 1 years,"Data Analyst (Business, Marketing, Financial, Quantitative, etc)",Computers/Technology,0.0,Python;SQL,,
Brazil,BRA,Americas,Master’s degree,"1-3 years","Data Analyst (Business, Marketing, Financial, Quantitative, etc)",Computers/Technology,5000.0,Python,,
Tunisia,TUN,Africa,Bachelor’s degree,"3-5 years","Data Analyst (Business, Marketing, Financial, Quantitative, etc)",Retail/Sales,5000.0,Python;C;C++;Java;PHP,,
Canada,CAN,Americas,Master’s degree,"3-5 years",Data Scientist,Insurance/Risk Assessment,70000.0,Python,,
India,IND,Asia,Master’s degree,"5-10 years",Data Scientist,Online Service/Internet-based Services,30000.0,Python;Java,,
Germany,DEU,Europe,Doctoral degree,"5-10 years",Data Scientist,Broadcasting/Communications,40000.0,Python,,
India,IND,Asia,No formal education past high school,"1-3 years","Data Analyst (Business, Marketing, Financial, Quantitative, etc)",Accounting/Finance,0.0,C++;Javascript,,
India,IND,Asia,Master’s degree,I have never written code,"Data Analyst (Business, Marketing, Financial, Quantitative, etc)",Accounting/Finance,3000.0,,,
United States of America,,,Master’s degree,"1-3 years",Data Scientist,Marketing/CRM,40000.0,Python;R;SQL,,
United Kingdom of Great Britain and Northern Ireland,,,Master’s degree,"1-3 years","Data Analyst (Business, Marketing, Financial, Quantitative, etc)",Insurance/Risk Assessment,30000.0,Python;SQL,,
United States of America,,,Bachelor’s degree,I have never written code,Data Administrator,Energy/Mining,60000.0,,,
Russia,RUS,Europe,Bachelor’s degree,"1-3 years","Data Analyst (Business, Marketing, Financial, Quantitative, etc)",Accounting/Finance,1000.0,Python,,
Italy,ITA,Europe,Master’s degree,< 1 years,Data Engineer,Non-profit/Service,20000.0,SQL;PHP,,
Other,,,Master’s degree,"5-10 years","Data Analyst (Business, Marketing, Financial, Quantitative, etc)",Medical/Pharmaceutical,0.0,Python;C#;C++;Java,,
Turkey,TUR,Asia,Doctoral degree,"10-20 years",Data Scientist,Government/Public Service,60000.0,Python;R;SQL;C;C++;MATLAB,MySQL;MongoDB,Qlik Sense
Sri Lanka,LKA,Asia,Master’s degree,"10-20 years",Data Scientist,Computers/Technology,0.0,Python;Java,PostgreSQL,
India,IND,Asia,Master’s degree,I have never written code,"Data Analyst (Business, Marketing, Financial, Quantitative, etc)",Other,,,,
India,IND,Asia,Master’s degree,"1-3 years","Data Analyst (Business, Marketing, Financial, Quantitative, etc)",Accounting/Finance,7500.0,Python;SQL;MATLAB,,
United States of America,,,Master’s degree,"5-10 years",Data Scientist,Computers/Technology,300000.0,Python;SQL,SQLite,
Argentina,ARG,Americas,Doctoral degree,"10-20 years",Data Scientist,Accounting/Finance,10000.0,Python;SQL;Java,,
United States of America,,,Doctoral degree,I have never written code,"Data Analyst (Business, Marketing, Financial, Quantitative, etc)",,,,,
United States of America,,,Master’s degree,"5-10 years",Data Scientist,Accounting/Finance,125000.0,Python;R;SQL,,
United States of America,,,Master’s degree,"3-5 years","Data Analyst (Business, Marketing, Financial, Quantitative, etc)",Other,,Python;R;SQL,,
United Kingdom of Great Britain and Northern Ireland,,,Master’s degree,"20+ years",Data Scientist,Marketing/CRM,60000.0,Python;SQL;Bash,MongoDB,
India,IND,Asia,Bachelor’s degree,"1-3 years",Data Scientist,Other,0.0,Python,,
Poland,POL,Europe,Master’s degree,< 1 years,"Data Analyst (Business, Marketing, Financial, Quantitative, etc)",Insurance/Risk Assessment,20000.0,Python;SQL,,
United States of America,,,Doctoral degree,"5-10 years",Data Scientist,Computers/Technology,250000.0,Python;R;SQL;MATLAB,SQLite,Tableau
Russia,RUS,Europe,Bachelor’s degree,"1-3 years",Data Scientist,Other,,Python,,
Canada,CAN,Americas,Doctoral degree,"5-10 years",Data Scientist,Manufacturing/Fabrication,80000.0,Python,,
Poland,POL,Europe,No formal education past high school,I have never written code,"Data Analyst (Business, Marketing, Financial, Quantitative, etc)",Academics/Education,0.0,,,
Canada,CAN,Americas,Master’s degree,"3-5 years",Data Scientist,Energy/Mining,90000.0,Python;SQL;Bash,MySQL;PostgreSQL,
Saudi Arabia,SAU,Asia,Bachelor’s degree,"10-20 years","Data Analyst (Business, Marketing, Financial, Quantitative, etc)",Computers/Technology,0.0,Python;SQL;C++;PHP,,
Argentina,ARG,Americas,Some college/university study without earning a bachelor’s degree,< 1 years,Data Administrator,Energy/Mining,1000.0,Python,,
United States of America,,,Master’s degree,"5-10 years","Data Analyst (Business, Marketing, Financial, Quantitative, etc)",Retail/Sales,90000.0,,,
United States of America,,,Bachelor’s degree,< 1 years,"Data Analyst (Business, Marketing, Financial, Quantitative, etc)",Academics/Education,30000.0,Python;R,,
India,IND,Asia,Master’s degree,< 1 years,"Data Analyst (Business, Marketing, Financial, Quantitative, etc)",Accounting/Finance,7500.0,Python,,
United States of America,,,Bachelor’s degree,< 1 years,"Data Analyst (Business, Marketing, Financial, Quantitative, etc)",Other,0.0,Python;R;SQL,,
Japan,JPN,Asia,Bachelor’s degree,"5-10 years",Data Engineer,Online Service/Internet-based Services,40000.0,R;SQL;Javascript,SQLite;MongoDB,
United States of America,,,Master’s degree,"10-20 years",Data Scientist,Broadcasting/Communications,100000.0,Python;SQL,SQLite;Oracle Database,
Singapore,SGP,Asia,Master’s degree,"10-20 years",Data Scientist,Government/Public Service,30000.0,Python;R;SQL,SQLite,
Brazil,BRA,Americas,Doctoral degree,"1-3 years",Data Scientist,Online Service/Internet-based Services,10000.0,Python,SQLite,
United States of America,,,Master’s degree,"3-5 years",Data Scientist,Retail/Sales,125000.0,Python;R;SQL,MongoDB,
Nigeria,NGA,Africa,Bachelor’s degree,"3-5 years","Data Analyst (Business, Marketing, Financial, Quantitative, etc)",Non-profit/Service,0.0,Python;SQL;Bash;MATLAB,,
United States of America,,,Doctoral degree,"5-10 years",Data Scientist,Medical/Pharmaceutical,125000.0,Python;MATLAB,,
United States of America,,,Master’s degree,"5-10 years","Data Analyst (Business, Marketing, Financial, Quantitative, etc)",Marketing/CRM,80000.0,Python;SQL,,
India,IND,Asia,Master’s degree,"3-5 years","Data Analyst (Business, Marketing, Financial, Quantitative, etc)",Accounting/Finance,10000.0,Python;SQL,,
United States of America,,,Master’s degree,"5-10 years",Data Scientist,Accounting/Finance,200000.0,Python;SQL,SQLite,
United States of America,,,I prefer not to answer,"5-10 years",Data Scientist,Academics/Education,50000.0,Python;C;C++;Bash;MATLAB,,
Other,,,Doctoral degree,"3-5 years",Data Scientist,Medical/Pharmaceutical,70000.0,Python;R;SQL,SQLite,
United States of America,,,Master’s degree,"5-10 years","Data Analyst (Business, Marketing, Financial, Quantitative, etc)",Other,100000.0,R;SQL,,
Japan,JPN,Asia,Doctoral degree,"3-5 years",Data Scientist,Accounting/Finance,50000.0,Python;SQL,SQLite;MongoDB,
India,IND,Asia,Bachelor’s degree,"5-10 years","Data Analyst (Business, Marketing, Financial, Quantitative, etc)",Other,,Python;R;C;Java;Javascript,,
Other,,,Doctoral degree,"5-10 years",Data Administrator,Accounting/Finance,1000.0,Python;Java;Javascript,MongoDB,
United Kingdom of Great Britain and Northern Ireland,,,Bachelor’s degree,"1-3 years","Data Analyst (Business, Marketing, Financial, Quantitative, etc)",Broadcasting/Communications,50000.0,Python;SQL,MongoDB,
India,IND,Asia,I prefer not to answer,"5-10 years",Data Scientist,Computers/Technology,,Python,MongoDB,
India,IND,Asia,Master’s degree,"3-5 years",Data Scientist,Insurance/Risk Assessment,10000.0,Python;R;MATLAB,SQLite;MongoDB,Google Data Studio;Looker;Qlik Sense
Turkey,TUR,Asia,Master’s degree,"1-3 years",Data Scientist,Computers/Technology,,Python;SQL;Javascript,,
United States of America,,,Master’s degree,"5-10 years",Data Scientist,Accounting/Finance,125000.0,Python;R;SQL,,
India,IND,Asia,Master’s degree,"1-3 years",Data Engineer,Computers/Technology,7500.0,Python;SQL,,
India,IND,Asia,Bachelor’s degree,"1-3 years","Data Analyst (Business, Marketing, Financial, Quantitative, etc)",Government/Public Service,15000.0,Python;SQL,,
India,IND,Asia,Master’s degree,"1-3 years","Data Analyst (Business, Marketing, Financial, Quantitative, etc)",Computers/Technology,4000.0,Python;SQL,,
Other,,,Bachelor’s degree,"5-10 years","Data Analyst (Business, Marketing, Financial, Quantitative, etc)",Broadcasting/Communications,15000.0,SQL,,
United States of America,,,Bachelor’s degree,< 1 years,"Data Analyst (Business, Marketing, Financial, Quantitative, etc)",Computers/Technology,0.0,Python,,
Czech Republic,,,Doctoral degree,"10-20 years",Data Scientist,Computers/Technology,50000.0,Python;SQL,,
Netherlands,NLD,Europe,Master’s degree,"10-20 years",Data Scientist,Energy/Mining,70000.0,Python;SQL,,
India,IND,Asia,Master’s degree,"5-10 years",Data Scientist,Computers/Technology,0.0,Python;Java,SQLite,
India,IND,Asia,Bachelor’s degree,"3-5 years",Data Scientist,Other,,Python;SQL;C;C++,,
India,IND,Asia,Master’s degree,"1-3 years",Data Scientist,Other,7500.0,Python,MySQL;SQLite;MongoDB;Snowflake,Tableau;Qlik Sense
Other,,,Doctoral degree,"3-5 years",Data Scientist,Government/Public Service,,Python;R,,
Pakistan,PAK,Asia,I prefer not to answer,"1-3 years",Data Scientist,Academics/Education,2000.0,Python;SQL,,
"Iran, Islamic Republic of...",,,No formal education past high school,< 1 years,Data Engineer,Academics/Education,0.0,Python;R;SQL,,
United Kingdom of Great Britain and Northern Ireland,,,Master’s degree,"5-10 years",Data Scientist,Computers/Technology,100000.0,Python;SQL,SQLite,
United States of America,,,Master’s degree,"3-5 years","Data Analyst (Business, Marketing, Financial, Quantitative, etc)",Academics/Education,70000.0,SQL,,
United States of America,,,Some college/university study without earning a bachelor’s degree,"1-3 years","Data Analyst (Business, Marketing, Financial, Quantitative, etc)",Marketing/CRM,70000.0,Python;R;SQL,,
India,IND,Asia,Master’s degree,"1-3 years",Data Scientist,Computers/Technology,3000.0,Python;SQL;C++;Java,MySQL;PostgreSQL;SQLite;Oracle Database;MongoDB;Snowflake,Google Data Studio;Qlik Sense
United States of America,,,Bachelor’s degree,< 1 years,"Data Analyst (Business, Marketing, Financial, Quantitative, etc)",Government/Public Service,0.0,R;SQL,,
India,IND,Asia,Master’s degree,< 1 years,"Data Analyst (Business, Marketing, Financial, Quantitative, etc)",Manufacturing/Fabrication,4000.0,,,
India,IND,Asia,Bachelor’s degree,< 1 years,Data Scientist,Insurance/Risk Assessment,,Python,,
United States of America,,,Doctoral degree,"5-10 years",Data Scientist,Manufacturing/Fabrication,100000.0,Python;R;SQL,SQLite,
United States of America,,,Doctoral degree,"5-10 years",Data Scientist,Marketing/CRM,150000.0,Python;SQL,,
United States of America,,,Bachelor’s degree,< 1 years,"Data Analyst (Business, Marketing, Financial, Quantitative, etc)",Academics/Education,5000.0,Python,,
Bangladesh,BGD,Asia,I prefer not to answer,I have never written code,"Data Analyst (Business, Marketing, Financial, Quantitative, etc)",Online Service/Internet-based Services,0.0,,,
Japan,JPN,Asia,Doctoral degree,"3-5 years",Data Scientist,Accounting/Finance,50000.0,Python;SQL;Bash,,
United States of America,,,Master’s degree,"5-10 years","Data Analyst (Business, Marketing, Financial, Quantitative, etc)",Accounting/Finance,100000.0,Python;SQL,,
India,IND,Asia,Master’s degree,< 1 years,"Data Analyst (Business, Marketing, Financial, Quantitative, etc)",Retail/Sales,,Python,,
India,IND,Asia,Master’s degree,"3-5 years","Data Analyst (Business, Marketing, Financial, Quantitative, etc)",Computers/Technology,0.0,Python;SQL,,
India,IND,Asia,Master’s degree,"1-3 years","Data Analyst (Business, Marketing, Financial, Quantitative, etc)",Accounting/Finance,,Python;R;MATLAB,,
India,IND,Asia,Master’s degree,"3-5 years","Data Analyst (Business, Marketing, Financial, Quantitative, etc)",Computers/Technology,,Python;SQL;C;C++,,
India,IND,Asia,Bachelor’s degree,"3-5 years",Data Engineer,Computers/Technology,5000.0,Python;SQL,,
Other,,,Master’s degree,"1-3 years",Data Engineer,Marketing/CRM,20000.0,Python;SQL;C#;C++,,
Chile,CHL,Americas,Master’s degree,"3-5 years",Data Scientist,Computers/Technology,40000.0,Python;R;SQL,,
Mexico,MEX,Americas,Some college/university study without earning a bachelor’s degree,< 1 years,Data Scientist,Academics/Education,,Python;R;SQL,,
China,CHN,Asia,Master’s degree,< 1 years,"Data Analyst (Business, Marketing, Financial, Quantitative, etc)",Computers/Technology,20000.0,Python,,
India,IND,Asia,Master’s degree,< 1 years,Data Scientist,Computers/Technology,,Python;C;C++,,
India,IND,Asia,I prefer not to answer,< 1 years,Data Scientist,Academics/Education,0.0,Python;R;Java,,
Israel,ISR,Asia,Professional doctorate,"1-3 years","Data Analyst (Business, Marketing, Financial, Quantitative, etc)",Manufacturing/Fabrication,70000.0,Python;SQL,,
United States of America,,,Master’s degree,"5-10 years",Data Scientist,Medical/Pharmaceutical,125000.0,Python;R;SQL,,
India,IND,Asia,Master’s degree,"1-3 years",Data Scientist,Other,,Python,,
United States of America,,,Bachelor’s degree,"5-10 years","Data Analyst (Business, Marketing, Financial, Quantitative, etc)",Computers/Technology,,Python;SQL;C#;Javascript,Oracle Database,
"Iran, Islamic Republic of...",,,Master’s degree,"1-3 years",Data Scientist,Computers/Technology,4000.0,Python;SQL,,
Poland,POL,Europe,Master’s degree,< 1 years,"Data Analyst (Business, Marketing, Financial, Quantitative, etc)",Computers/Technology,0.0,Python;SQL,MongoDB,
India,IND,Asia,I prefer not to answer,I have never written code,Data Scientist,Government/Public Service,,,,
Other,,,Bachelor’s degree,I have never written code,"Data Analyst (Business, Marketing, Financial, Quantitative, etc)",Accounting/Finance,25000.0,,,
Israel,ISR,Asia,Doctoral degree,"5-10 years",Data Scientist,Computers/Technology,100000.0,Python;Bash,SQLite;MongoDB,
Poland,POL,Europe,Master’s degree,"5-10 years",Data Engineer,Marketing/CRM,,Python;SQL,,
France,FRA,Europe,Master’s degree,"3-5 years","Data Analyst (Business, Marketing, Financial, Quantitative, etc)",Accounting/Finance,,Python;R;C++,MongoDB,
United Arab Emirates,ARE,Asia,Master’s degree,"1-3 years",Data Scientist,Computers/Technology,,Python;SQL,,
Brazil,BRA,Americas,Professional doctorate,I have never written code,"Data Analyst (Business, Marketing, Financial, Quantitative, etc)",Government/Public Service,4000.0,,,
United States of America,,,Bachelor’s degree,< 1 years,"Data Analyst (Business, Marketing, Financial, Quantitative, etc)",Computers/Technology,,Python;R;SQL,,
India,IND,Asia,Master’s degree,< 1 years,"Data Analyst (Business, Marketing, Financial, Quantitative, etc)",Computers/Technology,0.0,Python;SQL,,
India,IND,Asia,Bachelor’s degree,< 1 years,Data Scientist,Accounting/Finance,,Python;SQL,,
Czech Republic,,,Master’s degree,"10-20 years",Data Scientist,Online Service/Internet-based Services,60000.0,Python;C++,SQLite,
Taiwan,TWN,Asia,Master’s degree,< 1 years,"Data Analyst (Business, Marketing, Financial, Quantitative, etc)",Academics/Education,,Python;R,,
India,IND,Asia,Bachelor’s degree,"1-3 years",Data Scientist,Insurance/Risk Assessment,15000.0,Python,,
Netherlands,NLD,Europe,Master’s degree,"5-10 years","Data Analyst (Business, Marketing, Financial, Quantitative, etc)",Retail/Sales,,Python;SQL,,
United States of America,,,Master’s degree,I have never written code,"Data Analyst (Business, Marketing, Financial, Quantitative, etc)",Other,0.0,,,
Other,,,Master’s degree,"3-5 years",Data Scientist,Academics/Education,70000.0,Python;R;SQL;Javascript;PHP,,
Brazil,BRA,Americas,Bachelor’s degree,I have never written code,"Data Analyst (Business, Marketing, Financial, Quantitative, etc)",Academics/Education,,,,
France,FRA,Europe,Master’s degree,"10-20 years","Data Analyst (Business, Marketing, Financial, Quantitative, etc)",Online Service/Internet-based Services,30000.0,Python;SQL,,
India,IND,Asia,Master’s degree,"5-10 years",Data Scientist,Other,0.0,Python;C,,
India,IND,Asia,Bachelor’s degree,< 1 years,Data Scientist,Accounting/Finance,,Python;R,,
Russia,RUS,Europe,Master’s degree,< 1 years,"Data Analyst (Business, Marketing, Financial, Quantitative, etc)",Broadcasting/Communications,7500.0,Python;SQL,,
India,IND,Asia,Master’s degree,I have never written code,"Data Analyst (Business, Marketing, Financial, Quantitative, etc)",Computers/Technology,5000.0,,,
Other,,,Master’s degree,"1-3 years",Data Scientist,Medical/Pharmaceutical,3000.0,Python;SQL;Bash,SQLite,Tableau
India,IND,Asia,Bachelor’s degree,"5-10 years",Data Engineer,,,Python;SQL,,
Belgium,BEL,Europe,Master’s degree,"3-5 years",Data Scientist,Medical/Pharmaceutical,70000.0,Python,,
Brazil,BRA,Americas,Master’s degree,"1-3 years","Data Analyst (Business, Marketing, Financial, Quantitative, etc)",Energy/Mining,20000.0,Python;SQL,,
United States of America,,,Master’s degree,< 1 years,"Data Analyst (Business, Marketing, Financial, Quantitative, etc)",Marketing/CRM,7500.0,Python;R,,
Poland,POL,Europe,Some college/university study without earning a bachelor’s degree,"5-10 years",Data Scientist,Government/Public Service,1000.0,Python;R;SQL;Javascript;PHP,,
Viet Nam,,,Bachelor’s degree,"1-3 years","Data Analyst (Business, Marketing, Financial, Quantitative, etc)",Retail/Sales,10000.0,SQL,,
India,IND,Asia,Master’s degree,"1-3 years","Data Analyst (Business, Marketing, Financial, Quantitative, etc)",Retail/Sales,4000.0,Python;SQL,,
Ukraine,UKR,Europe,I prefer not to answer,< 1 years,Data Scientist,Other,,Python,,
India,IND,Asia,Master’s degree,< 1 years,"Data Analyst (Business, Marketing, Financial, Quantitative, etc)",Online Service/Internet-based Services,3000.0,Python;SQL,,
United States of America,,,Master’s degree,"3-5 years",Data Scientist,Manufacturing/Fabrication,50000.0,Python;R;SQL;Bash,SQLite;MongoDB,Microsoft Power BI
Malaysia,MYS,Asia,Bachelor’s degree,< 1 years,"Data Analyst (Business, Marketing, Financial, Quantitative, etc)",Academics/Education,,Python;R;SQL,,
Zimbabwe,ZWE,Africa,Bachelor’s degree,"1-3 years",Data Scientist,Other,15000.0,Python;Javascript,,
South Africa,ZAF,Africa,Some college/university study without earning a bachelor’s degree,I have never written code,"Data Analyst (Business, Marketing, Financial, Quantitative, etc)",Retail/Sales,0.0,,,
United States of America,,,Bachelor’s degree,< 1 years,"Data Analyst (Business, Marketing, Financial, Quantitative, etc)",Retail/Sales,60000.0,,,
United Kingdom of Great Britain and Northern Ireland,,,Master’s degree,"1-3 years",Data Scientist,Accounting/Finance,80000.0,Python;SQL,,
Nigeria,NGA,Africa,Bachelor’s degree,I have never written code,"Data Analyst (Business, Marketing, Financial, Quantitative, etc)",Accounting/Finance,0.0,,,
United States of America,,,Doctoral degree,"5-10 years",Data Scientist,Manufacturing/Fabrication,150000.0,Python;R;SQL,,
Peru,PER,Americas,Bachelor’s degree,< 1 years,"Data Analyst (Business, Marketing, Financial, Quantitative, etc)",Retail/Sales,0.0,SQL,MongoDB,
Other,,,I prefer not to answer,I have never written code,Data Administrator,Medical/Pharmaceutical,0.0,,,
Spain,ESP,Europe,Master’s degree,"5-10 years",Data Scientist,Marketing/CRM,25000.0,Python;R,SQLite,
Other,,,Doctoral degree,"3-5 years",Data Scientist,Academics/Education,0.0,Python;SQL,,
Japan,JPN,Asia,Master’s degree,"1-3 years",Data Scientist,Manufacturing/Fabrication,20000.0,Python;R;SQL,,
Canada,CAN,Americas,Bachelor’s degree,"1-3 years",Data Scientist,Computers/Technology,100000.0,Python;SQL,,
India,IND,Asia,Master’s degree,"1-3 years",Data Scientist,Other,0.0,Python;R;SQL;C;MATLAB,,
United States of America,,,Master’s degree,< 1 years,"Data Analyst (Business, Marketing, Financial, Quantitative, etc)",Other,,R;SQL,,
China,CHN,Asia,I prefer not to answer,"1-3 years","Data Analyst (Business, Marketing, Financial, Quantitative, etc)",Accounting/Finance,2000.0,Python;R;SQL,,
India,IND,Asia,Bachelor’s degree,< 1 years,Data Scientist,Computers/Technology,1000.0,SQL;C;C++,,
Pakistan,PAK,Asia,Bachelor’s degree,I have never written code,Data Scientist,Other,,,,
India,IND,Asia,Bachelor’s degree,< 1 years,"Data Analyst (Business, Marketing, Financial, Quantitative, etc)",Online Service/Internet-based Services,,SQL,,
India,IND,Asia,Master’s degree,"10-20 years",Data Scientist,Computers/Technology,1000.0,Python,,
